"course_id","num_subscribers","num_reviews","num_lectures"
"1070968","2147","23","51"
"1113822","2792","923","274"
"1006314","2174","74","51"
"1210588","2451","11","36"
"1011058","1276","45","26"
"192870","9221","138","25"
"739964","1540","178","26"
"403100","2917","148","23"
"476268","5172","34","38"
"1167710","827","14","15"
"592338","4284","93","76"
"975046","1380","42","17"
"742602","3607","21","19"
"794151","4061","52","16"
"1196544","294","19","42"
"504036","2276","106","19"
"719698","4919","79","16"
"564966","2666","115","52"
"606928","5354","24","23"
"58977","8095","249","12"
"1242604","809","3","25"
"798740","2295","84","39"
"506568","10149","83","16"
"1020760","1916","38","23"
"859742","2507","333","40"
"383414","5786","518","50"
"353044","5334","373","42"
"447362","4005","237","25"
"831066","2877","103","81"
"1266306","1026","25","37"
"1170894","1165","21","41"
"948974","1843","171","35"
"380970","8797","449","80"
"1217778","1030","11","22"
"1246208","1041","12","28"
"434774","7884","118","68"
"308690","16900","2476","52"
"888716","11441","1118","61"
"321410","22257","2697","138"
"965832","8575","809","110"
"648826","24481","2347","174"
"1035472","3811","278","103"
"1154754","4991","137","79"
"627540","7489","1190","25"
"301442","20195","1113","227"
"640100","10042","594","43"
"1247394","367","42","35"
"260470","10603","872","42"
"1214702","1197","11","46"
"848664","2893","65","62"
"1142570","1580","12","53"
"325834","10605","71","77"
"411168","2996","200","23"
"885974","6219","23","20"
"1151092","1113","11","17"
"358326","8314","83","47"
"153210","5572","123","33"
"834836","1433","169","15"
"1171994","936","6","11"
"1239068","658","2","19"
"985922","8121","689","40"
"765562","4187","600","79"
"165964","9445","497","38"
"855172","3255","340","102"
"258232","7941","713","40"
"994754","1680","158","76"
"43319","10100","985","45"
"408440","5050","461","26"
"918688","2310","162","26"
"308694","5528","506","32"
"199450","6451","237","28"
"401784","12394","218","30"
"1122792","1793","18","15"
"709500","3223","240","23"
"285638","16385","273","45"
"1135126","1487","16","18"
"834558","2951","232","60"
"551968","2697","331","15"
"1005658","3979","40","39"
"746432","3190","244","45"
"1057242","1406","71","54"
"284118","4252","225","24"
"302562","11958","370","134"
"596598","7743","340","33"
"860890","2134","55","5"
"951050","1214","69","20"
"796450","3870","53","10"
"502772","2146","212","49"
"1102462","484","57","19"
"1062092","1057","15","14"
"891484","1754","100","49"
"1217064","1239","5","6"
"382204","2493","276","108"
"308696","2602","402","57"
"474928","2000","30","9"
"1148774","1514","66","11"
"959144","1361","1","14"
"1233350","61","18","30"
"572744","1513","31","60"
"724062","1374","19","9"
"474212","2103","15","6"
"771276","1480","25","25"
"388164","2516","12","20"
"133536","50855","2698","15"
"655300","1971","13","20"
"949504","837","9","19"
"265960","17160","620","23"
"680044","1723","38","24"
"923616","6811","151","51"
"741898","2060","17","30"
"381330","2318","19","16"
"545918","2153","14","13"
"191854","19339","794","9"
"471546","3177","8","8"
"866584","1535","16","462"
"889824","1027","29","25"
"1191504","307","8","5"
"585752","2096","48","29"
"671578","1315","48","59"
"151668","29167","1463","8"
"1105344","1056","1","42"
"44836","2212","194","24"
"840300","2946","6","284"
"1100054","271","48","47"
"421054","3771","10","35"
"528784","3143","11","39"
"637430","1951","30","20"
"236080","4022","35","14"
"777444","11724","649","17"
"474238","2283","54","16"
"1245244","1181","1","18"
"1051570","1852","3","14"
"262370","4661","187","20"
"1188178","989","9","11"
"824592","5841","16","28"
"1147458","1087","14","61"
"1243448","611","4","26"
"730414","1922","149","15"
"252396","9015","65","23"
"1198166","661","4","12"
"920604","1077","110","55"
"215728","6050","140","17"
"722174","3523","46","45"
"48841","56659","4397","16"
"907444","1444","101","59"
"317030","2900","424","36"
"891490","1437","96","34"
"1070886","453","42","33"
"812616","2437","12","23"
"407984","5057","142","13"
"214046","6092","25","29"
"512400","4530","13","31"
"377370","6967","16","34"
"1175694","727","11","25"
"945750","1560","43","25"
"1085580","1047","9","46"
"1188410","1045","2","17"
"402836","3050","86","22"
"588764","2988","21","43"
"576946","2623","158","20"
"543242","1924","351","544"
"502240","3804","267","66"
"598266","4133","15","36"
"814068","1420","70","29"
"1076920","1120","6","43"
"1103272","668","12","22"
"441112","4086","31","14"
"1022108","1033","10","29"
"1028030","832","34","34"
"1018380","677","45","40"
"575676","3125","54","13"
"1105216","1081","6","21"
"936328","1645","25","42"
"43441","3348","352","13"
"1103718","939","7","19"
"584410","2115","59","88"
"625568","2230","102","10"
"297742","2053","234","44"
"24877","1793","265","54"
"1188742","3775","138","11"
"597716","521","67","24"
"415802","2222","9","12"
"323950","1097","252","10"
"488818","2506","21","76"
"610890","975","23","23"
"638980","1398","15","26"
"599684","1096","24","24"
"332848","1703","59","25"
"354324","1446","23","27"
"379682","2736","3","8"
"319020","2000","31","34"
"713258","853","45","48"
"537884","3094","2","22"
"919906","4077","281","20"
"46010","4117","54","5"
"777932","1369","17","31"
"773934","1224","42","14"
"221306","3870","12","90"
"830994","897","22","21"
"723510","1311","36","5"
"42643","1338","139","7"
"411778","1589","26","42"
"366514","1189","12","15"
"471588","701","12","37"
"390096","1105","3","54"
"607876","123","16","35"
"249950","5874","207","9"
"792216","354","32","49"
"45139","727","64","9"
"692176","3465","161","24"
"1224262","54","4","6"
"598094","627","15","15"
"40039","650","107","97"
"1266148","965","0","18"
"791422","1113","6","8"
"352150","739","28","45"
"791436","1201","12","18"
"537878","2474","6","128"
"923184","494","16","19"
"476256","1580","26","14"
"552504","617","44","55"
"537888","2235","3","9"
"385686","2293","9","28"
"738900","1094","8","13"
"57415","1449","29","23"
"155344","3251","10","59"
"42491","607","55","16"
"511952","1218","30","63"
"530246","1132","33","18"
"862786","656","17","20"
"165122","3339","4","11"
"530768","1271","23","7"
"218416","1574","24","46"
"619296","1393","27","21"
"717278","1029","13","7"
"445916","843","54","34"
"267984","1730","12","12"
"180362","1182","110","22"
"364810","1160","117","24"
"692722","1730","18","53"
"298558","1260","80","38"
"480752","871","79","59"
"637922","1566","48","25"
"337320","2987","23","19"
"876646","973","15","28"
"529424","2177","31","38"
"720814","1772","19","15"
"515326","1850","40","20"
"1218552","1780","32","9"
"851106","4607","181","11"
"429308","12","1","38"
"302450","13","1","9"
"1117834","2","1","16"
"190816","2571","32","23"
"244000","8","1","19"
"429482","7","1","19"
"831940","217","0","47"
"833770","22","5","45"
"658764","131","2","38"
"707224","5","2","15"
"64739","116","10","51"
"907716","27","6","235"
"1030976","912","12","37"
"722682","1964","47","15"
"1122146","1033","2","31"
"808506","913","117","48"
"673016","2092","77","52"
"358062","2240","185","44"
"372234","4601","38","14"
"822514","2953","20","211"
"1045726","1091","4","29"
"943426","1459","11","26"
"46927","4855","64","24"
"567070","4034","8","40"
"867440","57","22","19"
"501996","26","9","42"
"1103590","14","4","15"
"1172370","49","3","23"
"673702","11","2","10"
"821108","9","3","17"
"863998","91","7","30"
"822926","44","6","55"
"666254","106","11","100"
"421546","2079","258","25"
"518886","135","5","12"
"868128","31","11","20"
"986034","217","7","16"
"42642","611","57","13"
"471428","5007","41","19"
"600206","1168","5","26"
"283780","4653","395","5"
"52118","3035","12","14"
"42640","454","52","15"
"767256","325","14","62"
"843854","228","49","43"
"247558","562","11","15"
"696616","577","45","82"
"205810","10540","799","14"
"507486","912","27","81"
"965306","2955","43","30"
"1128662","190","13","45"
"1068986","1736","36","11"
"627706","1135","10","16"
"255280","2101","51","11"
"628944","1048","11","16"
"537886","1740","5","8"
"517938","1749","41","21"
"779678","1187","6","6"
"494330","1263","21","18"
"153926","115","6","31"
"806122","43","17","39"
"725658","55","2","27"
"1032234","18","7","97"
"996542","14","5","11"
"756520","47","9","22"
"768028","134","14","123"
"73030","153","8","14"
"476880","47","5","27"
"773060","42","14","11"
"552058","120","18","21"
"509512","68","10","23"
"497236","844","33","40"
"471556","2045","3","10"
"403602","1168","38","11"
"326948","2342","9","33"
"537896","2268","4","47"
"797762","967","16","43"
"674350","1185","10","33"
"439362","631","49","21"
"42634","968","81","10"
"494800","1132","70","332"
"1222836","114","1","22"
"990440","204","23","9"
"109988","1548","24","34"
"815482","409","35","46"
"569436","1169","7","15"
"803664","249","14","39"
"213154","690","17","21"
"484132","1340","4","272"
"640062","274","41","18"
"363404","4863","202","6"
"454724","1923","4","31"
"702278","224","35","16"
"323196","721","12","29"
"1225686","51","2","6"
"443584","1276","46","61"
"1034074","2768","83","10"
"1209694","1735","31","19"
"418732","8985","584","12"
"757450","1119","22","18"
"403468","2591","44","69"
"761808","1046","17","12"
"614510","2239","4","7"
"519776","1882","51","129"
"805336","5931","158","15"
"828254","4931","154","7"
"471440","3056","9","316"
"478598","1303","21","44"
"394636","2924","6","11"
"512004","1405","14","27"
"1194426","1121","12","6"
"538540","1776","14","29"
"406922","1643","18","19"
"743914","801","48","25"
"419308","951","25","62"
"542028","1278","33","23"
"482534","1184","15","37"
"716136","1115","8","8"
"737514","1086","27","28"
"471446","3730","11","17"
"920424","810","27","61"
"49886","2338","224","5"
"292462","3403","29","70"
"211874","4695","7","20"
"754028","17847","1440","17"
"546924","2692","25","25"
"105972","6374","21","14"
"556068","2305","19","30"
"1053272","589","31","138"
"1273896","22","0","8"
"317572","2490","95","13"
"738910","2715","70","20"
"1015274","1506","12","12"
"934574","2197","4","105"
"1110470","338","32","66"
"988804","1076","22","176"
"529718","2769","54","32"
"998872","1531","6","7"
"1023670","1136","12","13"
"571394","2187","218","91"
"637176","1609","137","18"
"677802","2895","56","14"
"1084642","1023","8","29"
"739390","1988","137","27"
"1134864","1053","20","15"
"489146","4497","281","11"
"910650","2379","33","44"
"1079040","993","19","16"
"109622","10338","52","41"
"881378","1423","103","37"
"474150","3555","89","11"
"1046724","567","40","53"
"1095116","1085","17","48"
"233900","7159","61","18"
"116128","11517","92","21"
"1249164","1","0","12"
"877106","10","1","5"
"65105","41","1","55"
"889066","8","0","8"
"28172","43","0","25"
"257996","23","1","19"
"811534","9","0","6"
"95176","25","1","108"
"880564","7","0","12"
"613944","12","1","9"
"1208148","1","0","6"
"24815","29","2","7"
"736836","17","6","26"
"462474","132","3","14"
"73938","126","2","5"
"158444","32","6","15"
"577198","480","3","21"
"993160","27","4","15"
"233294","167","6","29"
"281844","131","3","28"
"1072156","927","8","14"
"607362","37","2","43"
"1069866","19","11","22"
"25794","43","6","17"
"387348","751","1","61"
"475912","49","10","42"
"332690","45","4","6"
"830870","1685","29","16"
"199822","4269","60","17"
"56058","124","7","12"
"587232","811","5","29"
"398798","956","4","21"
"130366","126","20","47"
"530430","26","4","5"
"615204","91","6","36"
"441016","30","5","9"
"598722","226","26","26"
"1225674","52","3","9"
"1167536","89","7","64"
"979616","267","11","21"
"528488","4770","64","31"
"832832","265","16","17"
"256094","2046","9","72"
"975074","605","19","4"
"436488","472","34","23"
"72644","388","56","35"
"980408","98","35","69"
"343886","1888","6","11"
"837322","0","0","20"
"1157298","0","0","27"
"1282064","0","0","7"
"1247992","0","0","9"
"1251582","0","0","9"
"1258666","0","0","9"
"1168172","0","0","15"
"1233314","0","0","11"
"1276182","0","0","5"
"1187084","0","0","16"
"1084454","0","0","35"
"885413","0","0","18"
"178602","495","47","21"
"601912","375","10","19"
"831170","1730","34","11"
"327788","283","13","35"
"324656","136","14","25"
"1220862","23","2","30"
"403628","683","16","58"
"280842","618","10","19"
"306360","188","10","20"
"521234","911","2","18"
"327962","512","13","15"
"790034","769","10","18"
"400976","302","6","19"
"892446","149","2","63"
"322118","72","9","15"
"1029062","33","4","26"
"1048496","13","1","9"
"501502","79","1","58"
"74004","139","3","6"
"226084","2247","53","29"
"968056","17","2","14"
"1107904","45","1","72"
"691180","33","4","40"
"843536","54","11","12"
"532836","1498","30","23"
"493014","2317","44","22"
"955748","5077","256","16"
"49798","65576","936","24"
"429662","1202","76","64"
"97338","22344","712","26"
"510178","2189","4","16"
"1002282","431","58","22"
"706670","1199","37","79"
"275294","5685","5","12"
"594936","1512","23","19"
"521342","1806","38","211"
"828740","668","10","11"
"501960","3757","70","14"
"486240","828","1","20"
"869652","111","20","11"
"1095700","39","6","28"
"169662","613","33","142"
"1041522","57","13","14"
"657130","246","8","24"
"774570","83","8","21"
"1078520","62","6","27"
"999262","31","8","34"
"100526","367","11","24"
"513046","3","0","8"
"309854","3","0","12"
"580068","2","0","12"
"304410","3","0","6"
"782256","1","0","27"
"826912","1","0","21"
"313512","2","0","28"
"759262","1","0","43"
"359926","2","0","11"
"591724","1","0","25"
"533458","1","1","12"
"1064904","0","0","10"
"484134","731","2","8"
"1046940","66","12","19"
"1107954","51","9","15"
"455452","507","36","395"
"1263966","9","1","19"
"658766","375","15","194"
"927442","80","18","63"
"972126","152","7","30"
"1031696","37","15","12"
"742106","194","24","19"
"355374","1184","2","7"
"529828","638","25","36"
"538560","64","15","14"
"994666","44","4","12"
"389108","814","9","5"
"38456","211","9","27"
"282050","768","23","54"
"607800","29","9","32"
"832410","156","16","41"
"779000","2144","47","20"
"180372","376","29","21"
"429952","214","20","88"
"172898","406","13","15"
"180360","394","25","18"
"713416","438","10","22"
"407658","56","8","18"
"572992","58","8","14"
"192724","1047","3","20"
"469526","166","17","16"
"854764","605","3","14"
"754524","38","9","25"
"851288","46","11","24"
"363058","217","7","27"
"700080","78","22","25"
"637452","35","4","35"
"360916","80","10","13"
"375594","1941","128","527"
"703770","1367","33","74"
"602032","1519","40","46"
"475032","2025","34","9"
"925854","1213","12","25"
"895936","1092","48","13"
"399170","5099","2","15"
"593460","869","135","11"
"1225564","59","8","7"
"774174","10670","444","15"
"294292","1741","85","84"
"189160","19614","635","14"
"1000136","4","0","14"
"1232382","1","0","9"
"1058530","4","0","12"
"994118","4","0","20"
"621014","8","1","8"
"673750","8","2","14"
"390510","11","0","57"
"282044","18","0","33"
"118836","16","0","22"
"849632","6","0","23"
"904240","4","0","21"
"1165780","1","0","13"
"304424","210","1","12"
"1246684","4","1","14"
"591880","273","4","15"
"155616","237","1","17"
"1185936","368","3","69"
"65802","86","7","87"
"229360","204","1","18"
"159388","570","2","21"
"172298","225","1","5"
"570996","37","7","15"
"944594","36","2","24"
"81064","218","5","66"
"364034","50","18","13"
"119276","148","3","15"
"753610","74","4","20"
"616564","260","18","17"
"596026","299","5","65"
"1264512","4","3","13"
"499504","65","3","15"
"903326","101","25","18"
"412108","92","15","19"
"865630","76","14","21"
"1210062","14","4","14"
"1180960","18","3","18"
"660846","21","1","28"
"829206","18","2","11"
"385604","21","3","8"
"302468","49","10","13"
"331600","168","2","21"
"557436","16","1","48"
"1162656","2","1","7"
"389834","336","6","13"
"304414","20","1","9"
"55136","28","1","8"
"619792","11","1","15"
"505144","11","1","6"
"688244","360","24","12"
"642060","1189","13","41"
"114518","9995","96","10"
"1050168","100","24","33"
"666910","3426","27","14"
"158830","592","109","24"
"577256","1222","14","61"
"192576","1532","7","24"
"662450","5768","109","12"
"312834","343","84","37"
"44319","540","44","6"
"174800","2031","15","29"
"1179546","7","1","29"
"1239206","4","1","16"
"1149564","21","2","12"
"79364","29","2","42"
"917172","50","1","23"
"1276364","1","0","52"
"1237912","5","0","13"
"531710","6","2","19"
"1021760","16","1","16"
"193916","70","3","15"
"74016","110","1","5"
"1073430","7","3","15"
"834606","1186","16","22"
"629060","632","49","22"
"698278","1237","54","35"
"975414","513","20","20"
"112296","4103","19","15"
"536166","1489","32","27"
"718338","547","98","53"
"996612","353","27","105"
"941120","507","19","59"
"498488","1079","34","16"
"364566","3667","4","460"
"600316","2222","24","11"
"1136912","9","2","101"
"239416","225","2","17"
"722274","13","3","25"
"201942","373","3","14"
"355798","306","0","5"
"702800","14","3","22"
"425126","51","2","10"
"1013838","13","2","5"
"867682","1318","7","27"
"239268","347","0","24"
"361286","274","1","21"
"1036456","9","2","6"
"617976","359","86","50"
"196620","6024","890","18"
"667332","315","49","41"
"639126","280","40","54"
"53211","401","67","20"
"212952","701","55","16"
"1151398","57","11","23"
"1016420","205","20","20"
"1178820","62","10","19"
"881778","114","13","52"
"173462","789","68","95"
"648174","446","39","70"
"517466","17","2","51"
"304422","16","2","10"
"177214","117","15","6"
"73898","147","4","5"
"671548","7","2","18"
"504620","247","2","17"
"98706","143","15","42"
"364428","621","1","107"
"560472","6","2","32"
"682986","5","2","16"
"270844","2674","81","8"
"507600","227","3","5"
"363078","4480","12","50"
"933394","1329","12","33"
"1090408","5144","169","7"
"707688","2635","13","29"
"544176","1750","71","29"
"392478","3360","12","34"
"613422","3425","10","50"
"316750","2688","61","50"
"884658","1095","17","35"
"735550","1680","39","17"
"770486","2046","14","8"
"543212","1699","40","28"
"804298","1071","14","50"
"707054","1037","3","12"
"964828","223","34","16"
"298522","653","55","20"
"1196728","230","0","22"
"255170","2281","12","24"
"40670","4702","17","6"
"737832","366","45","41"
"240256","521","60","27"
"931626","252","45","30"
"663022","1101","14","37"
"1196816","223","2","29"
"202290","135","2","25"
"690546","23","7","6"
"560218","112","1","14"
"253810","2122","30","15"
"420926","152","2","102"
"382824","267","9","10"
"73046","155","4","11"
"73860","87","25","113"
"191588","2146","35","8"
"665866","154","7","39"
"73068","4248","66","6"
"252950","517","5","17"
"760990","2638","140","12"
"874312","2914","11","5"
"373716","6050","34","25"
"1275790","16","1","8"
"836926","3917","45","7"
"1131122","1122","13","6"
"595258","4158","51","30"
"1269590","1252","2","6"
"611420","5108","9","13"
"941990","2981","23","17"
"1119920","1223","14","29"
"256200","7750","58","15"
"207166","564","9","41"
"390472","2075","69","11"
"575476","45","4","31"
"460652","44","5","8"
"157336","308","4","10"
"65110","55","5","22"
"987682","718","13","7"
"835212","206","3","7"
"882276","18","4","13"
"971110","86","6","32"
"414744","294","5","25"
"537286","27","4","10"
"1123226","375","10","26"
"1170626","94","11","25"
"1016996","2080","83","30"
"1046992","3137","30","69"
"929526","155","23","22"
"631276","1732","11","12"
"86558","3372","12","12"
"615600","2185","3","13"
"799434","1008","14","42"
"1088656","256","17","49"
"674354","1173","22","15"
"1187758","1352","6","20"
"548764","49","8","27"
"410576","124","2","10"
"501384","105","9","5"
"59725","117","3","71"
"47504","6533","32","9"
"1257502","7","3","24"
"304426","30","5","19"
"581598","91","5","28"
"328842","28","5","14"
"541824","83","10","15"
"103144","623","7","22"
"937150","1625","5","145"
"1215926","0","0","12"
"1035638","0","0","10"
"1249146","0","0","9"
"1233894","1","0","9"
"975910","0","0","10"
"1221942","0","0","12"
"1169196","0","0","10"
"1271182","0","0","9"
"1233302","0","0","6"
"1231958","0","0","9"
"837322","0","0","20"
"1157298","0","0","27"
"42645","737","41","10"
"355622","554","63","44"
"514036","807","19","23"
"45136","779","56","6"
"371574","1777","11","23"
"915964","841","14","19"
"1209556","56","10","23"
"412856","1909","8","19"
"42651","775","54","11"
"294914","1255","8","38"
"219306","1193","24","27"
"652768","1309","4","20"
"42197","623","43","8"
"936298","276","11","11"
"885443","314","38","37"
"585208","1942","5","24"
"386922","885","69","14"
"1023650","226","12","29"
"676764","461","45","44"
"696342","152","27","26"
"41145","1017","74","20"
"145220","1074","6","13"
"868686","440","17","10"
"745110","978","7","13"
"745832","36","1","12"
"43778","74","1","14"
"19653","78","3","10"
"1013190","10","1","8"
"824034","39","6","37"
"370440","37","3","22"
"312860","2166","38","20"
"168358","78","6","57"
"721746","21","3","24"
"885342","1086","37","5"
"811416","7","4","29"
"35131","168","9","75"
"570844","2801","6","25"
"189996","12217","351","17"
"716828","6185","138","20"
"702138","477","70","41"
"130298","1334","86","54"
"709536","5407","192","11"
"706942","9483","183","22"
"297762","1032","60","55"
"614472","8236","144","25"
"463834","2383","6","19"
"934614","3283","109","42"
"430968","2650","5","17"
"305368","1551","5","55"
"179446","545","48","42"
"443502","663","10","79"
"414246","3519","102","6"
"571506","825","11","34"
"1101382","70","11","16"
"638966","357","71","20"
"757508","853","4","35"
"180384","397","24","19"
"812798","74","8","17"
"364206","1254","2","64"
"742142","89","4","10"
"895030","38","6","16"
"516168","18","4","5"
"612528","103","3","27"
"597084","7","3","28"
"544556","104","1","11"
"953490","42","1","11"
"221872","507","5","15"
"662318","241","5","26"
"73044","226","5","13"
"714188","50","6","12"
"548044","100","23","25"
"498360","99","12","26"
"425338","99","17","27"
"164102","1192","12","38"
"902888","209","13","37"
"245822","5529","90","5"
"729128","81","8","33"
"773650","1924","120","5"
"466632","646","6","17"
"466774","520","10","9"
"442114","1440","0","21"
"781954","452","14","444"
"902150","178","16","27"
"1169188","21","2","54"
"1201912","12","4","17"
"167316","209","33","33"
"1028656","505","43","10"
"645890","16","4","24"
"559328","25","1","25"
"1225194","229","0","33"
"734280","6","1","27"
"1164568","1","1","6"
"43291","10","1","5"
"1034560","1","1","33"
"871682","34","4","9"
"1057040","0","0","12"
"1032648","0","0","12"
"1087466","0","0","7"
"1058852","0","0","6"
"1083744","0","0","10"
"1271430","0","0","7"
"715476","0","0","6"
"1219820","0","0","9"
"627332","0","0","0"
"1136038","0","0","27"
"1035638","0","0","10"
"1232282","0","0","10"
"41961","459","25","14"
"42040","266","20","14"
"1039442","104","10","21"
"615602","1509","0","9"
"235112","212","25","14"
"551910","462","18","34"
"1051430","90","12","35"
"828596","153","41","27"
"258894","1055","21","64"
"138560","157","13","9"
"689868","103","25","12"
"1020244","1067","50","35"
"858764","58","11","28"
"941310","74","17","30"
"1214144","338","7","6"
"492344","27","5","6"
"815672","76","13","77"
"376712","27","5","12"
"869716","68","10","45"
"754156","112","18","33"
"709816","72","17","37"
"680046","335","16","26"
"1138162","22","5","18"
"829182","41","3","37"
"1163242","1","0","31"
"46933","16","0","23"
"954842","3","0","10"
"868112","4","0","7"
"1056242","2","0","127"
"113712","12","1","6"
"146454","10","1","12"
"56926","12","1","11"
"589778","5","2","59"
"1113702","1","0","13"
"1072220","2","0","59"
"101038","9","0","13"
"417088","42","2","13"
"258954","110","6","25"
"298044","420","2","14"
"593962","206","13","50"
"941520","164","3","22"
"64173","69","2","16"
"371828","28","2","26"
"974954","90","4","15"
"818572","13","2","17"
"115752","31","2","5"
"731150","13","2","98"
"627772","2119","111","54"
"850726","136","28","21"
"136244","797","15","16"
"485889","503","43","286"
"507778","1150","6","27"
"422918","1403","6","14"
"362530","916","6","23"
"579642","627","5","27"
"1022796","168","7","27"
"793084","2554","20","10"
"881062","120","17","19"
"838260","750","13","28"
"380542","217","19","9"
"772480","106","13","12"
"576906","397","4","36"
"410196","44","3","8"
"581662","30","3","6"
"1088102","95","3","20"
"788756","55","9","15"
"380206","94","15","9"
"160322","578","7","34"
"610812","393","5","34"
"288256","116","6","12"
"662996","1888","42","25"
"101234","412","19","74"
"1113442","40","7","26"
"746366","222","12","35"
"186556","831","1","13"
"179500","485","24","20"
"304000","232","7","17"
"334838","135","20","24"
"302456","61","16","22"
"537748","61","3","27"
"378464","874","2","120"
"532216","22","5","60"
"41973","5597","76","11"
"138004","261","2","35"
"94532","83","4","19"
"467238","152","6","14"
"850294","176","2","12"
"1110256","8","4","10"
"439210","327","1","12"
"597164","264","0","79"
"773502","15","4","36"
"262818","104","2","16"
"255046","71","3","19"
"295909","26","6","49"
"1153876","11","2","28"
"83736","1294","7","58"
"75182","32","7","7"
"236070","313","16","25"
"788796","635","4","6"
"508796","1311","2","12"
"739910","288","9","13"
"725872","97","18","29"
"894336","53","16","7"
"334820","1102","3","14"
"619786","57","11","18"
"179820","694","35","27"
"322332","137","14","21"
"597424","12","1","25"
"1089610","18","0","6"
"166842","170","0","16"
"408232","119","0","27"
"249376","2058","22","6"
"231256","35","2","28"
"479496","40","1","27"
"944534","13","0","19"
"1153854","4","0","29"
"74028","71","1","5"
"73962","71","1","5"
"1156530","6","0","39"
"1097288","1","0","130"
"614668","5","0","48"
"1082352","1","0","6"
"625670","4","1","6"
"35409","10","0","7"
"250902","6","0","12"
"1010988","2","0","34"
"855816","2","0","24"
"813360","2","1","27"
"813516","2","0","22"
"302484","6","0","7"
"861764","2","1","10"
"765238","206","39","39"
"542950","313","14","25"
"307080","193","19","14"
"469848","66","16","11"
"581498","270","22","24"
"849896","139","36","29"
"1174084","77","5","28"
"801702","225","41","33"
"786984","23","6","25"
"255592","4876","210","36"
"514844","244","13","21"
"998706","1278","200","13"
"644020","31","5","40"
"1250742","8","0","45"
"54246","40","6","18"
"805630","9","5","9"
"315716","45","2","49"
"1124276","13","3","12"
"1227792","4","1","40"
"769340","20","5","29"
"737182","9","2","25"
"960786","29","3","24"
"657050","6","2","13"
"1196700","7","1","27"
"1137310","859","49","23"
"632368","5983","135","7"
"571730","1673","547","40"
"720994","1284","230","45"
"1080466","394","109","73"
"907416","689","145","16"
"1062144","649","37","29"
"1097486","187","47","38"
"396890","1798","40","15"
"945194","465","51","28"
"598846","813","94","52"
"950750","326","23","14"
"740764","26","1","17"
"739972","26","3","14"
"464002","28","3","14"
"343818","122","2","36"
"434100","149","0","49"
"158140","205","1","5"
"1141708","11","0","121"
"1240408","3","0","27"
"557208","108","2","37"
"1178150","8","1","8"
"93850","9","3","13"
"429080","16","1","11"
"914164","11","0","45"
"876898","12","0","20"
"877968","11","0","19"
"1230950","2","0","8"
"953432","9","4","6"
"872204","15","1","12"
"1027678","7","1","13"
"304420","27","2","10"
"1078254","5","2","51"
"1193288","3","0","41"
"1106148","5","0","11"
"1029322","5","0","10"
"676650","132","9","9"
"129274","112","16","42"
"634932","285","6","18"
"116924","91","11","35"
"1174086","32","3","46"
"369726","2740","306","10"
"427040","59","11","7"
"1132162","16","4","27"
"1206414","22","5","47"
"997128","15","2","14"
"826168","1059","96","9"
"1039930","187","3","53"
"1232390","0","0","13"
"1084454","0","0","35"
"1232312","0","0","9"
"1251654","0","0","13"
"712994","1089","50","27"
"1024862","743","0","7"
"123242","1362","7","13"
"788720","405","3","22"
"196164","1168","9","5"
"1268616","16","0","15"
"1100746","3840","296","33"
"1005312","7183","819","14"
"624016","483","10","40"
"323916","172","48","15"
"743568","256","29","39"
"479688","1542","1","24"
"1189592","64","7","44"
"578534","384","40","44"
"791574","3014","19","15"
"379196","454","52","39"
"331968","312","24","37"
"576636","315","28","19"
"724596","609","32","33"
"822808","207","19","11"
"932274","399","15","15"
"32908","1175","92","75"
"883394","543","14","11"
"20185","1634","142","46"
"188418","1013","128","32"
"975982","319","19","12"
"674352","1125","11","18"
"936884","2481","71","26"
"707644","1006","14","17"
"700140","1044","8","16"
"546656","1240","17","20"
"1041926","504","5","32"
"1253868","15","1","56"
"645634","358","8","21"
"528104","80","10","27"
"1053462","133","3","158"
"148028","207","8","30"
"179824","426","17","16"
"777276","45","10","47"
"174790","1280","1","27"
"247940","142","4","18"
"42146","188","7","48"
"408894","718","5","28"
"176136","293","14","59"
"929146","93","13","49"
"260066","894","62","241"
"682514","353","21","17"
"66383","829","78","50"
"390198","1195","3","7"
"679238","335","25","29"
"476622","500","45","34"
"764010","159","16","13"
"178776","739","54","24"
"562668","87","22","86"
"521952","185","36","25"
"692268","741","4","22"
"258174","576","1","14"
"54677","1046","5","26"
"619716","486","3","14"
"986272","52","8","21"
"466558","106","14","24"
"65113","38","7","17"
"685190","32","6","30"
"179978","171","8","21"
"248338","79","5","36"
"455120","397","4","54"
"273448","85","5","17"
"803028","1696","22","11"
"985104","201","46","19"
"396888","1235","31","15"
"1001010","137","39","27"
"950748","384","37","18"
"1250694","103","3","18"
"932454","379","60","60"
"400464","1573","122","43"
"1021104","150","28","19"
"1193056","48","12","18"
"986024","781","7","8"
"352782","952","77","53"
"749468","612","46","72"
"915206","1819","45","15"
"615206","551","22","34"
"368916","788","3","15"
"787508","408","3","16"
"249934","944","44","187"
"323828","323","30","11"
"1223000","101","0","31"
"772950","984","3","41"
"900472","89","23","10"
"796486","129","21","8"
"871358","249","46","28"
"931588","75","8","23"
"880202","2252","240","111"
"1197206","462","50","86"
"1117796","1720","40","27"
"1219520","390","44","15"
"595876","4297","337","110"
"1216132","1076","15","15"
"1145736","9367","104","21"
"28556","8901","424","85"
"317278","4235","427","20"
"573064","14440","182","26"
"1120554","12340","124","46"
"1151326","2027","11","9"
"590794","381","24","7"
"1181578","69","6","25"
"1261122","21","0","18"
"749542","15276","1740","65"
"874012","26742","2379","62"
"1046722","5326","447","150"
"820194","36288","737","63"
"62721","15500","754","65"
"371074","7282","1629","42"
"20461","10875","650","41"
"416548","8196","479","85"
"1047436","1360","175","79"
"396204","6858","382","41"
"897238","18303","202","54"
"1067516","1789","102","57"
"1008100","293","5","18"
"832870","662","5","21"
"642656","1279","3","33"
"428220","1080","6","35"
"1184664","120","10","29"
"65596","1085","76","10"
"1018358","447","2","10"
"16714","372","21","10"
"657764","721","7","35"
"231970","736","50","44"
"981684","114","24","50"
"669174","331","24","9"
"185526","0","0","9"
"1185898","0","0","9"
"1177156","0","0","29"
"177614","0","0","8"
"1128984","0","0","14"
"185528","0","0","10"
"872262","0","0","12"
"1137738","0","0","11"
"1185535","217","2","21"
"896742","334","26","27"
"609642","817","42","18"
"723818","637","21","22"
"1085646","2358","28","12"
"1062048","3721","95","46"
"1160004","1148","26","42"
"1087244","2489","39","16"
"1169062","1782","18","10"
"520468","6975","122","29"
"693812","9464","329","43"
"1196852","2044","17","15"
"1149656","5787","40","21"
"385462","25277","311","16"
"1094930","6944","30","24"
"561188","6028","205","20"
"600486","5104","437","26"
"501140","2476","466","96"
"405488","3000","470","134"
"1219326","185","10","94"
"1029554","418","85","71"
"1009068","431","99","80"
"1276020","23","2","20"
"1202746","126","18","119"
"1226518","3329","193","33"
"870368","720","220","82"
"1223336","800","39","24"
"1257870","1477","3","13"
"519968","1552","11","27"
"656914","1076","11","15"
"787204","1016","5","25"
"380668","919","57","56"
"412864","1224","10","15"
"463354","774","39","35"
"636548","715","16","20"
"513782","1768","20","14"
"19164","2555","28","55"
"637402","426","63","28"
"901082","3108","27","28"
"608090","276","54","27"
"1165016","390","6","8"
"755680","6754","109","20"
"930416","5086","197","12"
"784478","1146","41","5"
"17349","47811","1041","22"
"93484","1564","103","9"
"927186","739","12","15"
"628440","1029","52","26"
"1047508","2665","20","8"
"406504","1079","172","35"
"644914","1440","16","14"
"908324","1401","30","12"
"15611","2634","92","25"
"775252","1046","12","28"
"850426","505","88","78"
"530426","827","50","39"
"627782","8786","245","11"
"1211198","253","1","14"
"294294","1933","25","13"
"692920","1504","10","9"
"349144","1332","31","24"
"711688","1150","68","25"
"625920","1056","15","8"
"286508","1350","29","11"
"768940","1586","8","5"
"640428","821","15","5"
"1168910","56","16","7"
"640426","1150","10","13"
"300466","1557","11","12"
"682060","246","30","12"
"809216","3103","42","11"
"532140","1090","14","45"
"546832","1235","15","10"
"1260674","946","3","6"
"288110","1500","11","9"
"388104","1452","21","27"
"742392","24","5","122"
"1265678","3","1","20"
"814200","20","3","5"
"468182","33","3","19"
"789670","97","9","124"
"1009622","8","1","43"
"1164570","4","2","8"
"686430","10","3","55"
"1007622","2","1","12"
"1031648","5","2","9"
"1069348","1","1","11"
"181294","3","1","9"
"780150","311","49","163"
"922464","447","6","23"
"855188","616","3","19"
"855764","797","13","70"
"699376","549","10","8"
"192726","274","10","49"
"358998","709","14","31"
"525446","3812","68","11"
"638040","1373","5","63"
"502588","441","53","34"
"1177670","201","0","12"
"753774","661","4","10"
"530436","300","40","77"
"690918","211","34","66"
"927336","65","8","20"
"1022032","43","12","46"
"1101806","44","13","19"
"1246168","33","3","41"
"1242692","20","8","53"
"1185390","37","6","131"
"700942","190","25","36"
"804096","129","27","43"
"733654","123","12","48"
"994312","38","3","25"
"902300","3251","158","13"
"522426","2091","11","26"
"550360","1002","29","44"
"314698","806","53","28"
"960898","389","20","43"
"1245392","1031","9","8"
"661628","500","29","17"
"1199928","68","11","48"
"923902","651","5","12"
"720300","341","57","35"
"79120","867","203","22"
"1106490","142","35","9"
"424770","1825","24","33"
"22445","24687","423","13"
"581352","2266","26","10"
"874656","5175","470","7"
"1156778","3512","58","17"
"870936","797","30","37"
"413713","2745","61","67"
"52457","2361","74","40"
"446936","1530","49","25"
"77896","1873","121","14"
"654038","1338","38","35"
"438420","1479","49","82"
"1246636","38","6","34"
"406424","934","143","41"
"1243016","50","5","16"
"1266468","27","7","12"
"611804","6429","654","31"
"276680","422","120","31"
"922092","410","15","62"
"1274846","15","0","6"
"1093446","115","15","56"
"1000116","272","11","12"
"673142","280","46","33"
"701468","354","27","98"
"399938","44044","1563","45"
"555952","1367","61","31"
"341952","1754","52","79"
"474076","2067","8","18"
"839536","5301","125","77"
"787340","4294","143","15"
"559204","1679","24","15"
"1197810","327","0","14"
"971260","740","20","12"
"960326","1348","6","14"
"144222","1249","44","19"
"447210","1275","26","42"
"482208","3117","30","62"
"998580","896","21","108"
"475214","4208","25","19"
"77532","3903","51","13"
"846214","1710","13","16"
"951912","1606","8","9"
"1132572","4776","115","18"
"660876","23229","2215","12"
"837798","1456","62","77"
"834226","1534","24","23"
"750934","2199","28","16"
"770622","1202","68","36"
"1029436","2004","4","9"
"1165588","778","2","24"
"1226182","502","0","15"
"978462","1526","3","24"
"585566","1468","190","141"
"805882","798","198","25"
"413180","2044","108","25"
"1027480","1310","9","20"
"951304","1145","42","20"
"1219814","326","6","43"
"518870","2228","96","51"
"935108","2420","27","21"
"53549","387","24","24"
"907408","421","10","18"
"410974","987","2","29"
"1035402","324","7","14"
"991416","319","11","35"
"472592","1087","6","24"
"140368","270","28","118"
"366194","124","8","16"
"939882","371","5","26"
"631148","1098","3","34"
"885479","107","16","82"
"783438","507","2","7"
"49553","646","30","25"
"506164","1738","8","166"
"280194","2354","12","37"
"711210","238","25","8"
"905244","165","17","11"
"637066","1080","15","13"
"785328","489","10","5"
"744696","706","10","24"
"220604","507","42","36"
"699380","770","8","8"
"787096","1028","2","26"
"793000","545","13","23"
"803058","690","162","19"
"494058","2911","17","35"
"1027080","734","9","36"
"367460","4353","23","57"
"1151342","521","5","23"
"395140","3481","37","6"
"866796","711","48","105"
"857144","1123","31","13"
"611370","12103","576","18"
"452092","1418","57","19"
"286424","3390","49","29"
"348116","53851","1779","45"
"436568","3","3","12"
"956002","1","0","6"
"185500","3","0","7"
"722176","1","0","27"
"197610","2","0","34"
"672112","1","0","13"
"672086","1","0","14"
"185538","2","0","7"
"188604","1","0","8"
"188584","0","0","13"
"181268","0","0","5"
"185526","0","0","9"
"177472","3","1","21"
"766320","25","5","30"
"181264","1","1","5"
"513846","108","3","44"
"242176","13","3","22"
"255604","11","4","59"
"1049380","37","0","49"
"1216164","7","0","87"
"1024800","1","1","24"
"1262470","1","0","66"
"1164832","6","0","11"
"794036","18","1","38"
"1004512","1905","12","14"
"464184","3360","26","16"
"1126016","941","2","26"
"482924","4927","15","22"
"738198","2087","95","6"
"768366","2938","26","45"
"632136","2911","29","37"
"663702","1797","40","39"
"558432","3192","11","18"
"628786","1538","117","74"
"133968","5072","38","44"
"938680","1086","17","8"
"691641","213","10","16"
"801186","135","33","14"
"906760","164","43","62"
"705444","290","49","88"
"601092","183","18","19"
"1246518","35","4","9"
"1181652","86","2","18"
"913768","96","10","50"
"648350","353","79","154"
"1161864","33","9","29"
"374404","172","24","15"
"967486","155","40","158"
"496302","27","2","18"
"1163644","2","1","11"
"909970","7","1","5"
"297702","18","1","7"
"978272","4","1","8"
"37821","139","14","9"
"514398","18","2","30"
"544944","5","2","17"
"326338","167","14","30"
"600366","311","0","9"
"1088924","13","4","185"
"574194","34","4","11"
"865634","1522","145","37"
"400130","6039","128","111"
"563708","4449","100","9"
"1228900","6428","21","54"
"178044","24857","35","11"
"933888","2873","38","13"
"516394","5840","57","30"
"1195812","1011","15","11"
"590622","6215","86","17"
"249126","33205","481","12"
"1163768","1452","10","11"
"1131780","1343","25","16"
"909486","41","11","6"
"368958","314","11","19"
"201812","239","7","26"
"484896","507","9","9"
"553832","228","11","21"
"452182","21","4","17"
"490392","92","10","57"
"1093760","91","10","21"
"1115504","33","2","17"
"446022","177","8","24"
"522784","668","5","16"
"311846","92","3","15"
"942768","8","0","11"
"288850","22","1","20"
"1068664","3","0","10"
"1136446","2","0","37"
"1125728","2","0","8"
"1228708","1","0","19"
"1095488","2","0","23"
"381828","11","1","13"
"406054","9","0","56"
"585174","9","0","23"
"1125814","1","1","9"
"1105636","1","1","9"
"327310","6","0","5"
"1080584","1","0","43"
"513212","4","0","8"
"1047750","1","0","8"
"831640","2","1","11"
"570188","4","0","8"
"365926","4","0","9"
"986832","1","0","55"
"1077836","1","0","10"
"872816","1","0","34"
"518188","1","0","6"
"726314","0","0","8"
"883828","885","176","29"
"826202","2863","11","27"
"1171720","915","5","15"
"117004","3525","109","33"
"952106","2035","19","23"
"854746","2267","28","81"
"834114","1197","55","98"
"1012262","1043","27","30"
"1091360","1356","4","11"
"808542","1657","46","41"
"1142428","655","18","150"
"1015308","1282","17","19"
"1114164","35","13","11"
"635716","220","13","33"
"374652","481","15","66"
"727510","1013","0","25"
"579202","593","3","13"
"699382","679","5","9"
"20150","2346","18","55"
"895302","140","6","21"
"403764","528","9","20"
"145178","297","27","19"
"1127944","228","0","7"
"435626","1207","5","19"
"1114470","5","0","63"
"1143148","4","0","20"
"640164","36","0","5"
"1141560","3","0","14"
"1139792","3","2","12"
"1221032","1","0","8"
"1075366","2","0","29"
"223884","13","0","14"
"1164488","1","0","5"
"1122306","1","0","10"
"177584","5","0","35"
"586914","3","0","46"
"397204","970","9","34"
"58791","342","20","81"
"1182330","106","2","19"
"172906","229","23","26"
"766906","437","7","76"
"379814","500","16","31"
"445102","725","1","12"
"655198","142","23","88"
"575040","317","15","76"
"966268","50","12","28"
"536780","115","12","24"
"431562","780","5","5"
"1047408","0","0","9"
"987865","0","0","32"
"371900","0","0","8"
"995384","0","0","5"
"1252410","0","0","16"
"1216554","343","0","24"
"1275872","0","0","29"
"1133764","0","0","18"
"1200856","384","92","18"
"1226332","677","45","11"
"950894","1110","183","77"
"1245356","858","25","17"
"1092766","1359","7","24"
"364986","9847","24","35"
"908664","2416","19","14"
"1234108","1524","5","11"
"47004","11893","69","40"
"327666","3381","388","57"
"1068902","1270","53","14"
"1076222","1753","18","15"
"278948","3618","345","207"
"1013676","2489","39","12"
"62497","4080","522","26"
"1182900","1602","8","16"
"1178226","7","0","28"
"1165268","8","0","20"
"1133648","7","2","18"
"471136","57","0","12"
"63712","91","3","34"
"1055424","11","0","10"
"843620","6","2","46"
"1153326","5","0","16"
"551964","5","2","20"
"1104858","6","0","49"
"517866","34","0","18"
"1036766","7","0","8"
"337072","5471","72","39"
"737642","3599","43","72"
"520766","4961","38","29"
"757900","3377","20","15"
"978576","1323","136","225"
"961684","2599","24","77"
"371490","6612","44","20"
"1134692","1675","20","12"
"507726","5850","19","34"
"349586","2325","155","61"
"1153710","1276","3","19"
"1269190","1000","1","12"
"303042","86","10","78"
"647520","11","2","15"
"681878","42","10","32"
"873296","28","6","103"
"1164720","5","3","7"
"1019552","74","1","11"
"1147664","27","5","202"
"948294","13","9","7"
"393850","27","3","54"
"733878","1433","57","8"
"860656","110","9","22"
"1246252","15","1","14"
"622122","19","6","10"
"222976","87","7","23"
"439968","802","10","30"
"852060","14","5","13"
"546848","1132","1","29"
"81278","347","31","11"
"53556","219","11","25"
"1158854","30","6","23"
"68876","130","6","13"
"514496","509","4","15"
"649404","342","2","8"
"108384","87","8","8"
"753934","259","3","11"
"206592","72","5","17"
"15467","363","14","19"
"983444","23","2","9"
"74782","78","6","16"
"456988","99","10","9"
"1049760","14","2","26"
"808808","282","8","28"
"599652","113","9","48"
"524748","66","13","13"
"310652","52","2","19"
"946326","116","1","18"
"1146166","623","14","30"
"1190334","827","1","15"
"895394","5000","7","21"
"1100628","793","26","52"
"996868","972","44","24"
"751230","2427","99","97"
"356840","3131","131","56"
"269082","5950","25","29"
"449788","4550","74","15"
"792232","2081","35","61"
"1164876","785","2","29"
"861444","2424","29","15"
"148982","57","3","16"
"861742","50","7","45"
"817074","262","0","12"
"286160","45","1","26"
"788722","272","0","11"
"1008654","10","1","18"
"964478","12","1","15"
"953220","43","3","57"
"64078","165","4","41"
"1046540","83","3","17"
"622284","17","1","12"
"31150","34","4","38"
"574132","293","32","44"
"724824","113","5","39"
"883324","72","13","40"
"502204","155","36","90"
"283038","48","15","74"
"650720","1447","121","13"
"586680","86","18","52"
"899240","13","6","12"
"520876","15","5","32"
"1083784","28","3","38"
"651352","62","9","41"
"968268","125","5","56"
"479760","33","2","7"
"134690","51","2","20"
"692918","361","2","9"
"1092632","50","6","115"
"753154","4","3","7"
"46524","134","4","13"
"634480","36","5","20"
"771044","32","4","21"
"497268","30","3","22"
"435138","22","3","57"
"334530","452","3","37"
"904144","67","8","25"
"397946","1081","11","47"
"561800","189","13","55"
"810234","775","5","6"
"559046","88","8","14"
"338308","598","22","13"
"477634","145","35","55"
"913194","445","4","14"
"429866","237","25","32"
"632702","1005","4","46"
"429366","485","9","21"
"433084","238","9","22"
"185092","1116","3","21"
"395652","105","4","41"
"943724","23","5","10"
"546124","82","5","40"
"876444","13","5","26"
"893978","19","2","9"
"1249378","105","2","22"
"273256","94","3","69"
"1240730","5","0","156"
"651014","98","3","33"
"1236254","5","0","24"
"1201118","6","0","15"
"1227748","5","0","29"
"408118","91","5","13"
"1258402","3","3","27"
"489114","121","9","77"
"16689","105","7","10"
"1089062","17","3","8"
"709160","380","1","26"
"385662","494","6","16"
"508570","518","2","17"
"934790","214","0","15"
"1133716","11","1","27"
"473474","33","5","12"
"1143032","9","1","13"
"121490","817","14","13"
"339560","286","7","7"
"659340","774","3","17"
"835082","41","9","86"
"335902","30","3","14"
"441106","837","4","26"
"624356","11","3","8"
"456388","254","5","81"
"955242","40","2","8"
"496430","84","8","13"
"793246","23","4","83"
"547190","32","10","5"
"696630","4529","193","7"
"643970","823","11","10"
"801486","1472","4","24"
"455054","1327","11","13"
"1257976","924","4","18"
"1253224","898","6","24"
"837722","1039","29","9"
"631416","1474","10","102"
"149728","1167","66","44"
"195576","1589","52","39"
"1048302","219","30","25"
"560662","835","10","7"
"661814","747","5","28"
"640496","1337","5","18"
"1200374","530","11","13"
"101498","1297","12","9"
"729464","295","7","14"
"961630","2084","20","7"
"544234","515","14","20"
"517366","1026","13","19"
"271652","414","18","19"
"760066","198","21","15"
"80844","250","24","39"
"820086","180","21","38"
"1013558","128","10","18"
"206332","709","12","38"
"624662","117","12","10"
"470472","305","39","108"
"331970","153","27","38"
"705890","81","5","14"
"932804","85","8","19"
"1101522","73","9","45"
"760300","178","21","11"
"636858","122","9","11"
"371896","402","47","123"
"636842","119","12","16"
"564446","605","21","11"
"925286","476","16","91"
"324224","707","116","108"
"1008054","438","3","77"
"40495","1199","58","31"
"184780","966","157","145"
"338926","877","93","88"
"104304","1504","15","14"
"413182","1064","11","110"
"1108666","117","11","32"
"692658","1229","8","11"
"173776","922","57","90"
"1254852","662","7","13"
"637842","1732","6","34"
"953442","326","44","54"
"648628","1284","6","99"
"670640","1029","22","32"
"403078","886","43","74"
"174562","1213","158","77"
"396238","1605","19","52"
"20387","2673","17","29"
"646906","1987","7","43"
"783292","1052","6","43"
"515262","1548","10","20"
"147404","257","6","5"
"260900","1818","4","90"
"563650","543","4","12"
"743674","95","8","11"
"71912","321","24","27"
"1186514","408","7","10"
"1104494","43","4","13"
"764534","239","30","49"
"808292","584","7","196"
"630734","144","15","25"
"757284","297","20","17"
"356060","1137","4","45"
"1045886","86","18","26"
"939668","98","18","31"
"873386","2566","39","23"
"933818","55","8","13"
"624118","537","2","22"
"149716","595","20","33"
"585946","659","4","46"
"876396","186","13","35"
"263818","460","27","131"
"759972","252","14","21"
"893056","87","11","38"
"326428","1720","9","26"
"769518","390","4","10"
"806638","2618","41","16"
"467408","390","14","36"
"567558","496","6","14"
"854696","341","7","23"
"1182624","97","5","12"
"27681","1249","37","21"
"412970","861","19","52"
"344234","973","8","74"
"692812","868","8","62"
"933666","193","5","8"
"645202","9193","357","17"
"65033","5830","29","12"
"550842","1224","19","20"
"19421","101154","1042","95"
"897162","407","64","33"
"955914","3481","29","20"
"1158690","124","8","14"
"551170","2002","34","33"
"198690","14495","224","21"
"657518","746","82","40"
"708696","920","31","9"
"1007396","362","38","27"
"505126","927","35","123"
"574428","953","11","13"
"602450","469","38","30"
"895244","450","15","7"
"342398","600","27","30"
"552700","1018","12","22"
"175278","181","34","32"
"101496","8240","31","6"
"365292","582","49","51"
"42251","1235","46","131"
"446478","380","113","49"
"132570","1842","21","28"
"288942","3137","18","68"
"1105794","4967","308","12"
"515256","2154","40","16"
"956102","936","9","12"
"902476","1224","17","32"
"1051856","1030","1","44"
"583752","14922","772","8"
"521072","2788","52","41"
"749686","2686","10","32"
"1010274","1594","4","34"
"998100","1018","4","63"
"1033670","1194","9","29"
"1266892","270","1","24"
"762374","3325","28","5"
"743634","172","26","15"
"663810","834","3","35"
"475914","382","21","25"
"831294","452","5","23"
"364716","5543","107","29"
"1105904","153","9","27"
"242382","1582","11","6"
"783778","560","8","9"
"773016","111","15","12"
"672894","1060","3","15"
"1132694","452","10","18"
"311530","2346","11","14"
"1236562","103","2","11"
"1000966","833","6","70"
"782430","2358","3","26"
"777650","1814","28","22"
"138228","2543","44","17"
"1034414","3042","40","13"
"996888","809","5","57"
"1191750","9351","331","21"
"793234","811","129","52"
"372416","1424","71","16"
"665278","193","20","31"
"1170198","65","18","56"
"1002272","59","8","29"
"213532","545","5","10"
"64585","668","39","46"
"1013762","100","15","14"
"315576","5769","78","29"
"812914","293","30","162"
"660690","492","10","17"
"347104","500","39","74"
"638204","346","26","59"
"519694","353","13","25"
"647336","1174","39","23"
"464844","1513","38","19"
"824044","6292","183","38"
"409818","6853","398","23"
"755198","475","125","36"
"552650","776","79","89"
"710420","1337","17","21"
"1000988","701","4","62"
"384928","1350","65","55"
"392958","1141","88","74"
"515260","1203","26","10"
"555340","5188","410","58"
"603902","0","0","31"
"217978","462","6","23"
"238934","75499","7676","362"
"456284","21701","1340","136"
"1029440","3157","375","32"
"42271","32935","2713","310"
"484670","10869","2257","104"
"967380","5316","159","291"
"681692","4192","128","34"
"200598","8857","718","131"
"953152","10435","665","23"
"1132342","8113","79","124"
"194692","7178","260","144"
"1119092","2102","33","99"
"902474","1329","52","35"
"920194","1220","13","26"
"666322","3206","18","17"
"1193886","482","1","47"
"647338","2498","12","25"
"1194244","478","3","18"
"658816","1788","89","33"
"1009802","1249","6","69"
"353224","1976","252","16"
"938260","567","37","24"
"907966","2045","8","24"
"997470","1204","8","56"
"993134","1227","2","26"
"41884","47652","1141","26"
"888698","1638","3","17"
"1119610","568","8","65"
"476324","3013","15","28"
"476988","2795","26","25"
"1159988","491","5","29"
"1034080","1018","2","5"
"659918","2164","10","30"
"422546","2415","16","115"
"1116196","2285","34","22"
"660460","1268","10","30"
"1123250","2026","3","62"
"1003568","2164","10","113"
"1240148","969","2","17"
"1111630","1987","11","161"
"830568","1319","101","21"
"566678","4560","177","22"
"1170074","1593","1","41"
"517148","6565","55","56"
"206088","4133","173","224"
"995562","1541","14","42"
"59922","14560","20","32"
"76524","7140","72","26"
"971962","1495","26","36"
"972704","1200","35","10"
"993510","1674","4","24"
"1255114","54","6","10"
"1120410","940","3","32"
"1048188","1152","16","42"
"970880","2558","19","16"
"1116700","850","3","43"
"687248","3937","54","20"
"1052180","6271","68","75"
"501412","4557","21","77"
"1032864","5292","38","85"
"574974","4982","276","240"
"1229488","4733","11","15"
"658276","3371","175","42"
"1041176","1409","41","17"
"26956","26504","192","82"
"1098994","3141","10","15"
"917432","1449","136","88"
"983418","2692","29","14"
"648506","3312","107","21"
"1122832","2015","3","21"
"1123184","2015","2","25"
"858064","7","2","13"
"214328","228","2","64"
"101500","65","5","13"
"829962","1094","45","11"
"519212","60","6","38"
"297930","83","4","9"
"663710","122","2","29"
"471328","106","7","89"
"892898","55","2","30"
"638100","77","4","14"
"823860","92","1","25"
"635570","29","4","37"
"99324","8217","109","10"
"535650","1305","25","68"
"769270","916","26","16"
"51752","2357","15","53"
"17922","1951","88","78"
"112314","1284","136","40"
"656364","769","10","33"
"105350","3122","6","80"
"606494","1269","27","51"
"1217408","1618","4","15"
"1037868","89","7","35"
"1008098","66","9","8"
"650836","630","25","27"
"504168","249","33","61"
"761584","198","11","34"
"743884","84","4","10"
"583224","58","5","11"
"725906","186","35","56"
"1146368","21","4","12"
"589248","431","2","11"
"584468","53","5","9"
"807934","2610","28","24"
"532572","26","2","26"
"53277","32","3","22"
"670376","1631","23","6"
"1149202","12","4","34"
"802040","12","2","13"
"789820","236","0","18"
"806640","7","2","14"
"802038","11","2","16"
"818838","11","2","34"
"269832","12","1","13"
"759130","135","1","28"
"556076","5","1","8"
"824020","57","6","57"
"1223570","7","1","27"
"139792","73","3","15"
"482334","35","4","26"
"602812","30","3","39"
"1036400","32","1","39"
"866528","39","2","136"
"471352","90","2","61"
"744080","37","3","19"
"620372","42","2","37"
"214418","276","2","62"
"619856","88","1","48"
"839028","10","0","12"
"771880","11","0","41"
"228268","29","0","14"
"944550","7","0","10"
"839026","9","0","10"
"838320","8","0","11"
"838896","8","0","10"
"812602","8","0","50"
"190906","17","0","7"
"1124590","2","0","24"
"917176","4","0","18"
"647884","8","0","12"
"646918","122","3","59"
"1216752","5","2","19"
"1193536","11","3","23"
"430962","36","6","30"
"631480","111","3","18"
"970462","888","64","25"
"852426","53","5","39"
"430992","65","7","77"
"733922","38","7","51"
"608436","18","4","31"
"217628","22","4","21"
"631444","211","12","30"
"935900","10","3","10"
"713492","12","3","14"
"218540","17","1","22"
"211780","11","1","37"
"217320","8","1","26"
"387064","7","1","46"
"219756","6","2","23"
"1243162","2","0","21"
"1174974","5","0","10"
"214828","14","2","71"
"430994","11","2","183"
"207408","11","0","27"
"445118","57","9","9"
"146852","377","8","14"
"147754","273","4","6"
"131512","406","10","25"
"140168","556","11","27"
"510098","115","17","17"
"561774","420","2","13"
"1102396","32","3","11"
"1173716","26","5","23"
"761938","116","7","27"
"374566","425","7","192"
"182940","736","6","46"
"1003250","68","9","56"
"1190448","104","0","9"
"647276","189","18","101"
"26648","738","6","64"
"264396","365","10","12"
"153230","146","5","15"
"601230","383","4","9"
"326310","92","5","71"
"398522","291","14","39"
"773144","61","3","9"
"324226","288","15","100"
"888668","78","8","24"
"301686","594","3","33"
"151027","489","5","35"
"269830","13","3","9"
"315812","103","33","309"
"373636","231","7","110"
"1113170","44","3","34"
"336446","261","4","17"
"455676","114","15","13"
"200108","45","4","48"
"198660","3167","161","34"
"763100","105","9","23"
"922828","85","22","20"
"32033","335","32","25"
"286070","4452","263","14"
"55569","332","23","42"
"725566","287","42","27"
"829616","1876","109","11"
"888852","113","4","18"
"286898","158","17","59"
"375830","480","12","123"
"207440","228","26","215"
"1042382","42","5","19"
"1114722","10","4","35"
"1102436","103","1","46"
"644820","75","7","22"
"131562","66","6","38"
"628606","61","9","30"
"459888","184","5","107"
"1141614","24","2","38"
"605074","205","4","95"
"749616","19","4","83"
"470482","120","6","106"
"344348","232","11","97"
"373556","148","3","77"
"214794","10","1","9"
"782458","72","2","24"
"823494","172","2","41"
"212492","10","4","22"
"961774","25","2","30"
"1261210","1","1","22"
"211052","13","2","23"
"597868","69","1","53"
"218658","10","2","17"
"1048182","25","1","321"
"758216","21","3","32"
"1144780","5","1","17"
"628798","418","2","30"
"398224","113","2","34"
"147174","78","6","45"
"799912","51","7","42"
"655958","58","1","10"
"744034","56","3","28"
"139790","162","3","14"
"288854","2577","30","6"
"588264","62","1","11"
"773156","42","1","11"
"931152","28","1","10"
"21080","261","1","18"
"151120","44","2","7"
"1236576","4","1","27"
"139784","98","1","15"
"486412","19","2","12"
"459468","197","0","106"
"663696","58","4","47"
"933812","21","3","27"
"149602","92","3","71"
"277770","239","1","9"
"552606","5","2","45"
"459926","173","0","63"
"1040596","10","1","8"
"266004","12","3","12"
"720072","54","7","69"
"1046768","28","1","13"
"138336","238","3","22"
"333046","512","3","151"
"459207","177","3","102"
"814474","61","5","36"
"1104496","21","2","13"
"188064","115","6","53"
"578750","510","1","8"
"184088","147","4","39"
"1198302","9","2","36"
"208126","5","1","16"
"34332","7","1","25"
"204014","4","0","16"
"219844","4","0","26"
"212506","4","0","9"
"687742","2","0","47"
"219878","3","1","20"
"207304","3","0","39"
"195196","3","0","19"
"834422","1","0","26"
"724436","1","1","38"
"448250","1","0","10"
"796188","9","1","45"
"773174","44","0","11"
"450246","13","1","72"
"201472","17","1","7"
"452514","118","0","5"
"765056","5","1","11"
"196234","11","1","48"
"380596","113","0","24"
"812370","36","0","42"
"832514","10","3","39"
"1025536","12","0","321"
"82960","78","0","18"
"1207112","31","4","92"
"457206","205","11","77"
"589900","213","4","11"
"854694","33","3","20"
"861566","284","3","12"
"1244302","8","2","16"
"349142","98","6","73"
"56970","119","8","26"
"762482","45","5","15"
"100916","297","7","7"
"869312","137","2","43"
"721274","112","7","63"
"719920","28","7","72"
"846962","79","3","25"
"206986","333","5","40"
"813142","48","3","61"
"701662","41","1","13"
"90132","209","5","19"
"815182","119","4","32"
"476000","139","8","104"
"762240","41","2","11"
"810576","95","3","30"
"188498","184","4","82"
"1144288","8","1","9"
"180680","376","9","86"
"1031698","37","7","6"
"62252","169","3","16"
"1113008","20","6","12"
"807494","89","6","12"
"761122","98","5","14"
"12214","265","23","65"
"344180","196","16","35"
"185266","292","18","130"
"1076244","14","3","41"
"1036338","16","3","12"
"266682","114","8","59"
"615226","185","8","70"
"963094","42","8","17"
"742096","57","9","15"
"648492","17","4","37"
"222062","70","6","18"
"103662","245","8","34"
"742764","76","4","23"
"856950","44","2","40"
"902480","80","5","24"
"263846","68","8","126"
"1160066","54","0","18"
"625974","80","4","112"
"782460","85","2","30"
"147104","57","7","16"
"1189926","12","1","38"
"1143414","11","2","53"
"1066002","42","4","196"
"767400","20","4","24"
"492954","41","3","48"
"1129652","5","1","7"
"13216","119","8","52"
"760452","22","2","17"
"1152334","20","6","24"
"214770","17","3","13"
"1134842","82","3","62"
"139772","79","3","15"
"171598","21","2","11"
"854692","29","4","22"
"805706","31","4","5"
"618586","156","4","62"
"205764","12","2","12"
"762648","74","6","13"
"245722","353","1","30"
"53157","137","12","17"
"932842","59","1","28"
"883138","47","7","13"
"139788","71","3","16"
"951608","21","3","38"
"975626","36","4","8"
"1104492","8","1","15"
"1196538","375","0","9"
"184324","215","5","80"
"139794","80","2","16"
"582390","31","1","10"
"132950","56","3","10"
"845518","18","1","9"
"835616","57","8","28"
"101504","59","3","6"
"594852","6","0","27"
"806642","4","0","16"
"809492","4","0","17"
"785210","3","0","41"
"339382","7","0","17"
"963664","2","0","11"
"632234","3","0","35"
"594854","3","0","28"
"974704","1","0","11"
"545036","3","0","16"
"388712","3","1","14"
"383852","3","0","5"
"459946","164","0","20"
"994050","28","2","11"
"899702","47","0","82"
"1111562","15","0","11"
"320238","151","1","5"
"818786","14","1","34"
"741388","16","1","29"
"629704","19","1","4"
"839032","14","1","13"
"23683","40","1","27"
"912254","41","0","43"
"839030","9","1","24"
"619610","46","0","91"
"106358","75","0","11"
"742300","19","0","30"
"636846","22","0","10"
"741316","17","0","38"
"681390","26","0","14"
"1195742","2","0","86"
"794398","13","0","69"
"1232728","1","0","6"
"721202","14","1","49"
"1058262","6","1","14"
"132878","31","0","10"
"944804","1","1","5"
"939636","1","1","6"
"730702","1","0","11"
"993892","0","0","16"
"1026760","0","0","6"
"1223240","0","0","6"
"1026762","0","0","7"
"1234656","0","0","28"
"1214670","0","0","6"
"1272282","0","0","8"
"1224186","0","0","13"
"1265814","0","0","5"
"1104500","31","2","14"
"99946","237","12","6"
"632488","120","11","47"
"41890","384","25","98"
"385684","3160","47","22"
"559438","455","3","11"
"760698","82","6","7"
"427066","136","20","34"
"444644","63","13","49"
"743846","64","13","15"
"741172","28","3","32"
"618396","27","3","9"
"1216340","0","0","23"
"787686","970","14","9"
"566856","991","29","12"
"592122","61","1","31"
"968026","1","0","20"
"778682","1981","28","38"
"988678","245","26","93"
"1193950","38","12","83"
"592606","255","30","53"
"1232356","62","1","22"
"966522","186","9","24"
"1223310","62","1","49"
"933814","13","1","24"
"618334","25","1","10"
"812610","17","3","35"
"23861","36","4","40"
"1191088","349","3","36"
"22825","85","2","23"
"568322","24","1","49"
"1146288","26","1","52"
"618370","19","1","9"
"200722","30","1","15"
"809968","45","5","43"
"664764","305","0","23"
"854690","26","2","20"
"201894","75","2","27"
"743970","32","2","11"
"210020","70","2","17"
"263672","200","11","19"
"411986","478","3","31"
"139778","73","2","16"
"933816","33","5","26"
"676432","59","6","15"
"42255","192","21","17"
"112602","57","2","16"
"607360","81","11","27"
"521440","2995","51","19"
"198692","181","17","25"
"825186","589","6","8"
"743932","48","4","14"
"586490","81","7","11"
"459804","225","19","106"
"199500","438","10","12"
"644654","152","21","91"
"146450","244","25","33"
"441996","248","9","21"
"1065198","111","12","64"
"1103526","52","3","18"
"211714","10","1","12"
"213984","10","0","23"
"217540","9","0","33"
"212438","7","0","17"
"212520","7","0","31"
"1150468","1","0","37"
"218596","6","2","30"
"513528","4","0","7"
"211026","6","0","17"
"847808","3","0","36"
"218856","5","0","23"
"214218","5","0","23"
"28295","43285","525","24"
"19603","47886","285","125"
"889438","2577","529","64"
"197836","8777","206","75"
"505208","23764","490","58"
"1086834","3541","202","37"
"1094964","2669","112","72"
"965870","1966","359","65"
"965528","4090","178","348"
"1078208","2578","210","39"
"642410","24978","540","67"
"785388","3133","351","63"
"1146014","15276","167","19"
"8325","12458","253","82"
"987064","1087","220","32"
"94428","14074","106","46"
"159070","26800","333","55"
"920306","9425","147","14"
"1089744","2780","94","29"
"16646","35267","217","53"
"678142","2607","317","49"
"948440","1502","218","49"
"924704","9359","110","402"
"1027342","14842","131","17"
"1009452","6082","848","135"
"1247828","12366","506","120"
"886300","4720","1017","126"
"1009254","7057","655","65"
"1078522","16829","820","77"
"1002030","4872","662","171"
"818990","5809","1445","61"
"520116","13439","1981","89"
"1252318","733","104","50"
"427530","14813","1358","74"
"670034","6601","1304","26"
"1052118","2804","418","212"
"575880","9421","73","36"
"669270","9668","38","52"
"1103954","2760","52","34"
"1017568","9831","56","74"
"1111844","486","59","27"
"736940","11170","35","19"
"647442","9384","21","16"
"1073793","9067","41","27"
"176432","10247","200","15"
"158934","10610","83","10"
"73080","6162","324","43"
"1256136","1802","13","8"
"1124970","4783","41","48"
"771198","2097","401","28"
"391546","17714","198","23"
"629088","9554","368","16"
"1006894","1129","137","77"
"579338","22213","142","16"
"945320","2412","116","28"
"64605","18324","333","16"
"897146","1696","193","60"
"989452","7169","277","20"
"917724","12893","220","95"
"970874","4708","111","18"
"911474","1050","223","64"
"425910","7852","46","31"
"842058","1683","340","48"
"1250824","119","6","70"
"937134","1735","76","25"
"796010","3699","201","11"
"752658","10103","75","20"
"560990","7380","43","59"
"1260288","3903","53","107"
"918870","4892","49","32"
"1027016","2786","31","20"
"283014","15064","237","15"
"787236","22623","783","73"
"1134390","952","121","75"
"883000","3415","312","160"
"938560","7827","268","66"
"991290","9773","117","65"
"1165096","13457","215","69"
"1045942","1399","212","89"
"860812","4028","674","93"
"1070976","1371","165","83"
"939962","12953","680","22"
"874960","5125","395","53"
"28295","43285","525","24"
"24334","25864","188","32"
"997814","5211","414","133"
"641868","8234","1111","110"
"1042110","2687","331","138"
"883002","5143","941","80"
"1128050","1827","129","66"
"1218130","5026","72","43"
"1123098","1301","179","80"
"47963","23412","799","251"
"671552","8691","836","63"
"1002676","3119","453","207"
"481002","10150","997","90"
"628222","14026","232","25"
"1122224","2214","20","23"
"357726","21147","1220","16"
"162274","19909","411","17"
"555122","1385","89","97"
"708674","10780","110","19"
"1127048","604","8","43"
"651032","1772","13","48"
"98066","3357","82","48"
"910838","796","43","29"
"125162","4123","23","34"
"50587","2697","64","82"
"1004788","997","31","20"
"959200","713","80","8"
"810550","4259","0","11"
"473160","98867","6512","20"
"904076","1849","21","83"
"842728","1645","75","12"
"314462","64128","4047","17"
"783748","2160","16","28"
"161986","7660","7","19"
"823236","2025","16","38"
"936504","1548","30","126"
"380092","2472","139","31"
"884946","13535","473","18"
"98140","5795","79","29"
"637974","2643","56","24"
"219838","3704","111","18"
"749560","1678","34","32"
"751100","960","110","32"
"446736","1811","118","36"
"200854","4123","46","31"
"470288","26697","1097","20"
"178640","5921","35","42"
"412952","3011","57","10"
"1033944","8768","173","8"
"1198654","1673","31","24"
"1171966","16158","159","125"
"833398","4057","359","99"
"140238","6851","276","454"
"875194","2234","253","115"
"991630","9607","78","40"
"303514","4689","216","54"
"134144","9375","219","43"
"1115222","4848","105","123"
"94430","84897","2685","10"
"788514","12838","96","22"
"629142","24861","423","281"
"992114","9762","94","112"
"379722","11262","142","18"
"1189288","1270","16","73"
"652438","17895","212","30"
"1052304","11285","102","77"
"1223012","1040","5","30"
"882488","23572","210","20"
"1033686","3801","43","12"
"723522","12068","81","12"
"1181900","5559","35","21"
"945336","1838","169","31"
"1079370","2104","69","14"
"23742","15187","970","64"
"266252","10606","570","88"
"473548","6497","901","221"
"920544","11536","876","60"
"993754","16282","303","159"
"1155262","949","129","89"
"997964","1995","286","45"
"812588","6636","302","50"
"531954","7146","629","77"
"1022582","1703","292","178"
"1049092","12815","262","53"
"1277924","44","0","68"
"964732","502","62","59"
"947120","627","125","7"
"712960","851","164","75"
"267560","29990","1342","87"
"763774","10179","314","21"
"929016","563","178","32"
"281690","2320","114","43"
"399228","2353","47","91"
"1023062","13210","978","8"
"933260","1004","43","40"
"494078","3015","30","19"
"1158572","8693","522","11"
"629082","8711","44","22"
"1093734","9945","101","43"
"99986","18143","159","15"
"566248","13882","63","47"
"556248","57422","874","84"
"582392","10179","68","17"
"582636","18101","88","68"
"661802","2789","243","26"
"1139400","1437","24","20"
"729552","10864","63","26"
"499632","14254","27","20"
"959586","6134","160","50"
"16151","7867","147","23"
"856490","8594","37","18"
"861528","1892","147","24"
"912996","3960","220","47"
"559512","10518","129","57"
"922600","10008","53","26"
"976284","1023","118","38"
"976598","3392","29","19"
"718426","7213","50","38"
"304490","4183","231","86"
"15285","25854","306","17"
"477702","6153","125","84"
"875882","4010","17","12"
"861122","5022","38","13"
"309370","5547","80","40"
"802268","2532","291","30"
"1034520","2362","4","13"
"1016536","7741","9","36"
"711592","1658","185","68"
"1065250","3324","138","19"
"928858","7184","22","29"
"791030","4442","23","28"
"1241518","7196","8","38"
"944886","2371","10","12"
"758582","8496","1838","308"
"1199774","1346","330","32"
"390866","14103","1548","197"
"1014776","3295","531","162"
"929130","4375","622","129"
"746014","12021","660","41"
"11475","26673","1090","185"
"11174","69186","2408","197"
"945978","11384","1846","80"
"1019276","2390","497","82"
"1252630","7059","116","58"
"1000010","3179","214","174"
"937586","1870","193","145"
"79154","18170","117","779"
"328476","6073","627","66"
"921474","5335","105","117"
"82778","8755","931","133"
"907386","4144","383","43"
"877124","6420","134","188"
"1169378","1741","26","87"
"30240","9881","329","136"
"836044","3252","401","62"
"405818","5089","685","29"
"665042","5962","466","132"
"1068590","5181","64","22"
"1203894","3493","43","26"
"994634","417","65","109"
"765916","1599","26","49"
"128950","15134","523","12"
"549064","2596","11","39"
"400280","1783","16","15"
"382856","12974","120","13"
"958982","785","20","25"
"1113036","4115","63","13"
"226534","13242","131","24"
"738726","1154","12","71"
"64422","16212","514","20"
"874166","16409","589","74"
"1197650","1337","28","12"
"912946","1469","237","120"
"876544","2660","276","16"
"1205894","421","26","33"
"19332","31070","742","195"
"863954","1737","471","87"
"789324","11492","174","118"
"1229274","5439","22","24"
"906700","8059","231","39"
"113706","12105","144","54"
"604044","3877","92","15"
"531290","2919","136","70"
"436210","2409","90","19"
"617158","2083","213","23"
"1121580","2076","8","20"
"782192","2918","16","17"
"978728","842","144","536"
"65493","7130","30","17"
"32649","5549","92","143"
"1225030","155","9","37"
"903140","1697","64","54"
"372518","2526","185","24"
"1045862","2342","15","19"
"99826","21730","61","35"
"1236746","1117","10","37"
"1110756","2401","15","27"
"595728","3887","81","94"
"1231872","1156","4","59"
"876850","1385","188","83"
"113518","10890","212","33"
"1111552","1126","10","12"
"834924","3652","60","7"
"764042","1723","258","60"
"821526","3759","24","25"
"838418","1653","53","14"
"342084","5387","38","15"
"669536","4563","49","13"
"511378","3757","28","20"
"553582","4193","92","44"
"566920","3694","48","39"
"406820","1905","228","57"
"636418","2875","20","36"
"986442","613","93","37"
"996320","633","39","54"
"936182","1515","32","60"
"905850","900","129","126"
"547298","2382","22","16"
"294794","32260","1005","12"
"615920","3249","27","60"
"955818","1274","34","15"
"65330","72932","2575","21"
"173548","120291","5924","30"
"1183094","387","5","30"
"738360","2227","44","26"
"650328","2652","33","40"
"69414","2520","183","34"
"500628","3150","69","49"
"384078","4011","24","17"
"451938","6937","22","7"
"657710","4839","129","84"
"977516","2346","10","65"
"997750","897","129","171"
"316704","9381","138","131"
"106178","7090","52","30"
"1062686","2204","6","97"
"1082996","1212","15","39"
"629044","5328","47","28"
"476408","5715","52","31"
"1124244","2074","14","22"
"217010","12328","15","32"
"576694","4537","415","49"
"527952","5117","463","138"
"745306","3854","482","48"
"941998","1902","224","47"
"674608","37141","1813","316"
"1204208","1649","34","25"
"957422","3012","260","330"
"511838","6890","99","90"
"621022","4628","247","93"
"30318","17113","380","93"
"1270392","244","44","21"
"991094","1472","210","110"
"695656","31499","450","46"
"1174446","3539","43","20"
"1267892","1415","17","23"
"1149334","2965","17","30"
"1109150","655","95","195"
"445534","18777","1112","21"
"987666","1591","99","74"
"1134330","1925","27","38"
"983534","16926","126","33"
"563248","13406","78","44"
"1140532","5739","26","29"
"701636","16731","137","10"
"797832","1613","21","20"
"41295","268923","8629","45"
"413494","1780","69","21"
"911318","7438","441","37"
"197828","21087","154","24"
"576646","1157","105","31"
"984072","912","17","48"
"709180","2039","7","19"
"188692","16527","354","17"
"683606","1000","74","140"
"429364","26541","750","38"
"1012096","467","20","126"
"1016388","947","108","56"
"978852","9832","71","59"
"1148342","2184","15","24"
"1199780","2853","47","16"
"648118","16590","51","27"
"863812","1626","115","78"
"752432","9056","96","31"
"639848","8320","73","11"
"942366","4106","112","15"
"1103448","5324","52","14"
"945602","5603","46","47"
"446608","4183","292","38"
"866384","301","44","91"
"678150","3883","110","9"
"980114","236","31","35"
"17887","1758","37","16"
"465210","1266","16","21"
"967422","920","1","7"
"708558","5004","52","21"
"783686","880","6","24"
"551072","342","53","60"
"1004008","205","38","97"
"344224","527","63","11"
"235104","1517","4","12"
"598970","130","14","20"
"543346","1018","33","41"
"575644","4830","38","7"
"877036","402","20","35"
"691760","755","5","18"
"579182","1087","7","24"
"1071060","170","21","78"
"235990","1054","4","26"
"469678","245","23","36"
"708514","353","34","41"
"601260","464","26","22"
"687642","298","20","24"
"654422","2238","65","12"
"902748","1764","33","16"
"634754","3380","50","16"
"1112844","1030","11","30"
"1026206","1406","12","20"
"484872","4732","5","14"
"773824","1724","72","94"
"846578","1618","46","20"
"358508","5056","74","11"
"975060","1562","42","34"
"904818","1547","30","56"
"472526","2626","95","135"
"241590","11167","34","13"
"1182108","466","11","25"
"1156648","1355","14","29"
"642696","5065","40","12"
"1121696","1763","17","30"
"389240","6413","107","123"
"297044","5398","358","83"
"462668","7017","37","28"
"565282","6510","45","22"
"1011550","1898","19","31"
"409618","3299","166","34"
"1226008","817","6","32"
"1211960","1798","20","24"
"1169848","3688","49","11"
"896858","1611","165","157"
"696016","11574","78","15"
"993148","2547","62","18"
"1145206","2063","18","12"
"534376","22355","54","26"
"570416","8577","69","31"
"1017116","10674","102","26"
"1243474","783","5","13"
"732556","12781","145","22"
"426196","5484","439","92"
"747552","7884","44","28"
"556922","15724","33","29"
"1147064","3106","31","13"
"651780","6293","165","8"
"944906","8711","29","12"
"674646","8067","30","44"
"673420","9332","172","33"
"584758","3271","278","54"
"1189280","1367","17","58"
"543090","5077","126","66"
"611308","6508","137","90"
"959604","4687","99","24"
"540724","11758","242","8"
"1089652","300","16","66"
"1049344","3784","85","32"
"786494","1209","9","21"
"611518","1428","91","32"
"956888","716","32","57"
"188828","12563","239","11"
"382258","1518","55","122"
"955138","1241","23","9"
"1085064","380","10","30"
"1038786","395","18","57"
"512000","1169","110","64"
"1148412","1114","8","23"
"1254172","5738","9","35"
"1105778","6648","16","22"
"1240522","1605","10","32"
"903526","4848","33","17"
"53256","4743","393","28"
"1030440","1520","34","23"
"947498","3601","28","22"
"761768","4033","40","25"
"173134","17071","17","15"
"881210","13708","92","62"
"1140232","430","54","39"
"767656","2643","34","83"
"671960","1731","90","74"
"686764","1313","121","62"
"862478","775","245","82"
"834600","2243","27","97"
"690788","2749","62","7"
"854756","2012","15","59"
"1023668","1080","37","76"
"482404","3831","15","25"
"624578","2071","57","14"
"753940","2755","57","179"
"862428","1216","36","28"
"739770","2314","77","25"
"599532","8770","261","13"
"270808","1764","53","28"
"106156","2837","68","49"
"589342","1655","39","19"
"37684","2721","96","44"
"964118","1152","20","14"
"212374","15493","415","25"
"970252","1562","4","12"
"465870","9786","989","7"
"442504","1904","25","17"
"1121650","3357","84","13"
"737758","2200","25","12"
"72262","5456","133","25"
"443746","2134","215","55"
"416282","4675","15","56"
"645714","1433","145","34"
"929260","1734","9","13"
"683394","3461","11","23"
"311916","4076","39","22"
"1009166","567","63","34"
"947116","1723","28","7"
"835712","1282","117","12"
"954036","2052","18","8"
"745120","1874","40","224"
"797040","1119","111","204"
"795278","1023","131","44"
"8324","3697","195","48"
"756914","21682","1106","8"
"405840","1975","141","36"
"899534","553","84","31"
"570848","2650","19","39"
"714678","2964","8","9"
"791610","1624","31","38"
"631472","1640","22","29"
"856530","1627","38","7"
"530092","1815","249","42"
"1211160","1011","2","19"
"977470","2430","15","36"
"504316","5318","56","13"
"389018","7018","28","38"
"937206","1634","52","21"
"739090","3590","36","104"
"720144","4030","92","46"
"365816","4020","95","52"
"977474","2635","25","30"
"481696","7211","52","491"
"978850","1496","37","74"
"825354","4447","76","24"
"822670","1410","134","67"
"65492","6628","53","19"
"1051672","1908","12","17"
"688968","1248","171","18"
"495484","4587","46","49"
"398456","2351","302","16"
"615084","3898","95","32"
"492818","3185","102","94"
"1055322","557","92","133"
"1112604","408","39","80"
"424864","1703","435","65"
"516062","17554","94","16"
"92760","7368","216","52"
"1064104","676","119","125"
"900434","3632","28","31"
"609992","10576","154","23"
"77642","11643","169","21"
"269006","13960","239","19"
"151956","5085","106","27"
"908996","1130","162","66"
"269638","14606","235","21"
"452684","2971","285","28"
"844458","2814","107","35"
"403604","1355","45","27"
"549094","2335","13","18"
"59014","161029","279","27"
"45941","2051","99","76"
"851868","1069","12","61"
"814206","1439","10","77"
"590406","1948","72","45"
"680180","841","99","29"
"899492","937","4","10"
"1056848","583","7","35"
"846412","577","97","101"
"336938","9364","311","10"
"375136","5052","92","23"
"602218","694","39","39"
"1022682","511","12","7"
"968304","937","2","6"
"180547","1611","24","20"
"1178762","103","11","72"
"641236","670","33","37"
"130168","1606","28","73"
"1002210","260","22","64"
"1076424","122","10","116"
"968278","877","6","7"
"50528","1215","58","33"
"1075808","3323","90","7"
"560996","11892","50","28"
"654680","15106","31","16"
"975906","975","141","18"
"951060","5263","29","29"
"1142202","596","32","84"
"159760","7517","89","47"
"30243","21653","138","35"
"566910","9028","87","12"
"783158","7375","52","17"
"554384","5177","318","70"
"1027812","6548","44","38"
"607048","28125","115","21"
"704732","9349","206","69"
"574876","14260","44","43"
"803378","7720","58","17"
"715516","2142","536","71"
"101864","12873","106","38"
"682484","12882","95","20"
"657734","12368","89","26"
"797038","8625","94","73"
"1099956","2641","28","15"
"1211800","1052","14","47"
"958750","13920","64","28"
"515188","7416","65","14"
"1172740","1822","4","25"
"846832","1010","154","25"
"943306","1425","36","34"
"11153","7014","95","62"
"147908","7785","416","33"
"688092","4407","17","29"
"1047968","602","93","214"
"585496","1712","438","49"
"911712","1894","40","35"
"803074","3258","32","16"
"200742","7449","111","13"
"1072248","538","13","113"
"143028","1271","136","110"
"173888","1407","137","69"
"361620","2311","8","44"
"418386","1002","178","174"
"212398","2565","32","41"
"1097778","210","19","41"
"653852","1186","14","9"
"598516","1421","17","36"
"900794","958","14","17"
"564546","1550","25","27"
"516064","1309","60","14"
"1024844","251","32","25"
"631754","723","130","37"
"142666","11026","228","13"
"440006","1318","81","55"
"857270","3894","91","29"
"370752","12293","235","18"
"651990","1447","35","7"
"923146","487","31","52"
"295843","9110","411","22"
"1170690","1519","28","20"
"603408","948","48","8"
"578900","2023","8","25"
"997916","1858","110","52"
"856526","2244","365","168"
"993146","3619","93","19"
"63612","22999","602","18"
"745468","2743","589","61"
"986406","1229","139","108"
"593544","3701","508","125"
"1128560","710","137","49"
"242574","6588","721","36"
"1109736","7331","55","18"
"982860","4463","59","36"
"859936","1873","360","79"
"532008","1388","11","58"
"783746","1292","2","12"
"595818","1147","19","19"
"774910","1109","13","24"
"447136","2002","41","31"
"525034","876","48","29"
"769314","1186","12","7"
"574082","973","50","46"
"770526","379","58","45"
"510784","2177","13","43"
"551702","1063","72","84"
"311638","1309","74","43"
"631128","7489","941","173"
"246154","9103","1724","58"
"967058","3169","527","38"
"548278","7501","1213","384"
"1004134","1967","372","60"
"1025026","28694","688","77"
"1251786","909","16","13"
"687466","4820","983","53"
"369662","24575","525","98"
"318638","9109","620","50"
"231176","18818","407","80"
"1115348","1121","174","62"
"34882","14551","169","14"
"537008","5800","185","32"
"806020","4867","128","12"
"1253650","1006","4","8"
"1023070","4616","20","19"
"778226","8968","35","25"
"1217948","7062","72","172"
"1027276","3073","27","13"
"531360","2706","179","103"
"958132","1702","49","78"
"368340","3420","489","102"
"584786","7130","39","24"
"584522","918","8","39"
"56259","1520","21","52"
"402508","461","67","46"
"1013380","116","12","7"
"961996","207","32","32"
"551962","333","15","14"
"520870","305","40","9"
"592352","644","42","28"
"676554","415","67","53"
"19422","926","102","37"
"994362","3118","8","33"
"593128","4290","150","15"
"1053406","959","51","74"
"580466","55332","1225","144"
"857162","2273","384","91"
"1107524","17784","260","61"
"653846","25799","382","42"
"1090788","2865","95","32"
"1210652","346","28","74"
"306556","4957","634","60"
"420652","4128","434","61"
"866460","29348","780","66"
"949282","32696","526","67"
"994740","3503","123","41"
"926206","2354","16","45"
"1075662","586","54","56"
"606756","1949","149","102"
"1013314","1825","17","58"
"859422","2296","28","14"
"1035923","550","97","70"
"1035940","578","25","36"
"30911","7706","62","45"
"1063722","1339","21","18"
"125806","6760","84","27"
"1101204","1096","8","7"
"76052","7407","172","147"
"886614","5811","850","114"
"1241254","2145","166","136"
"822444","11832","1883","191"
"904462","5279","1375","123"
"1144726","5332","828","160"
"970600","5151","737","115"
"756150","73783","19649","329"
"80940","51257","1955","77"
"405282","28880","4316","286"
"383204","17334","676","96"
"519442","33677","3809","283"
"714724","19210","3137","44"
"791414","2215","223","74"
"661774","1322","171","37"
"597256","3485","22","19"
"380582","2185","283","45"
"572268","2494","303","40"
"704582","2091","86","29"
"981600","1777","35","48"
"537282","2573","103","46"
"1204590","228","9","72"
"128946","59639","2692","24"
"895040","1705","26","17"
"955194","1950","33","16"
"1000574","10945","1286","129"
"1200530","2606","241","77"
"995016","17671","4675","329"
"1208638","2273","288","142"
"851712","27801","4340","113"
"833442","17297","3166","111"
"719002","40070","8341","194"
"832862","6527","1384","111"
"625204","121584","27445","342"
"164554","17802","2144","113"
"764164","114512","22412","304"
"446134","33788","4434","246"
"701634","21245","914","9"
"866696","7905","561","5"
"720356","869","99","38"
"1107986","293","30","31"
"772618","36322","2618","32"
"542254","2760","76","26"
"928040","522","50","48"
"369132","1628","162","129"
"777654","12336","271","26"
"1161118","6437","313","22"
"267286","2797","59","10"
"1093608","333","22","353"
"289230","59361","11580","55"
"364426","79612","16976","85"
"1039062","8964","1893","56"
"437398","43977","7106","77"
"861624","13010","2709","68"
"461160","58208","11123","98"
"947098","9132","1560","137"
"781532","21998","3326","119"
"705264","50815","15117","150"
"1145430","4138","307","107"
"806922","20652","6357","138"
"1109926","6412","987","114"
"1134456","2464","17","9"
"552598","6474","86","15"
"56585","2388","139","12"
"674040","1494","23","62"
"19260","1463","56","24"
"944156","1057","22","12"
"742712","1049","22","47"
"1193538","109","17","69"
"228934","2073","24","16"
"65355","1116","62","51"
"814848","1125","10","45"
"1021594","802","6","9"
"548068","4409","71","100"
"738552","686","19","21"
"128384","1154","89","9"
"610202","885","3","13"
"856968","2437","137","10"
"352774","716","59","34"
"130694","1867","19","8"
"1179104","91","5","53"
"425084","586","65","98"
"1016650","601","4","6"
"1152012","81","14","33"
"673196","1018","28","48"
"519952","1448","173","48"
"846156","1296","22","72"
"599504","1299","56","71"
"710486","1769","49","7"
"766592","20073","615","28"
"859446","601","126","64"
"450068","2281","32","21"
"130064","83737","4598","45"
"382786","20890","945","21"
"94432","48650","1236","9"
"688872","1945","58","10"
"297390","18496","386","30"
"495678","1193","87","58"
"988982","4905","101","13"
"722754","1699","8","22"
"563668","11812","152","19"
"661878","746","93","39"
"1160196","189","7","16"
"335280","1419","38","20"
"957362","1237","16","14"
"688874","1703","27","8"
"343816","1849","29","24"
"1127988","5397","112","36"
"1079624","4410","52","26"
"746790","1554","30","60"
"1106646","4499","138","20"
"647564","1993","55","26"
"963378","424","85","9"
"1239022","3782","32","11"
"650222","1551","42","78"
"565384","954","183","123"
"784544","7304","368","28"
"340844","15462","689","60"
"1227322","6958","132","30"
"792703","964","19","21"
"1246622","3571","18","8"
"679158","2421","6","28"
"808622","21689","1080","13"
"1248974","5542","54","9"
"1090870","7922","183","16"
"1041426","7055","166","24"
"909244","767","104","81"
"1102962","3766","135","14"
"405926","70773","5660","50"
"186096","2497","98","154"
"832478","799","87","41"
"708578","41478","2104","13"
"667992","867","177","48"
"1050632","2097","16","10"
"380178","5533","137","11"
"924216","534","16","51"
"1038538","197","26","28"
"421018","533","54","23"
"768612","1036","27","20"
"764076","4503","146","122"
"59535","8592","336","35"
"1063430","183","30","47"
"967424","903","3","7"
"520302","1236","18","14"
"774648","305","45","13"
"1116366","1544","15","29"
"523312","1020","46","60"
"884988","325","50","106"
"1211366","3227","19","21"
"904890","659","64","26"
"255878","2528","15","30"
"1052518","550","15","59"
"824412","1032","9","21"
"425086","1142","148","90"
"420982","1766","38","118"
"552594","912","128","81"
"477250","1305","38","16"
"1075570","653","20","25"
"92194","3411","84","22"
"699618","11533","240","18"
"467426","3397","12","85"
"1166070","7865","241","36"
"1005610","715","12","12"
"922750","988","23","27"
"1201054","4405","71","12"
"177912","1936","88","53"
"596192","11666","546","20"
"1031780","361","26","49"
"511934","30531","1948","53"
"1194232","88","8","55"
"1131732","55","13","31"
"693726","494","46","37"
"365426","1294","11","15"
"260444","976","29","13"
"12975","1586","87","124"
"499904","1550","15","23"
"733694","1209","8","62"
"818958","850","12","16"
"374590","5421","93","20"
"982328","255","5","9"
"511942","707","59","103"
"1024888","6856","137","19"
"740762","1007","96","87"
"646056","12952","163","22"
"545524","2299","11","22"
"1270222","19","2","33"
"340362","1736","79","47"
"782194","2195","10","35"
"707962","47062","5590","41"
"1178394","4569","108","18"
"1084894","3655","85","44"
"364616","15715","406","28"
"990532","578","40","84"
"933110","1747","13","13"
"1158836","197","11","53"
"70640","4198","145","161"
"1176460","540","11","19"
"736250","942","161","64"
"617886","2470","24","19"
"934570","478","37","18"
"760306","2558","12","36"
"780058","2178","22","19"
"828042","860","201","56"
"473338","2888","26","24"
"14571","3026","60","67"
"713098","2164","290","70"
"701570","10874","114","59"
"1198704","1935","17","10"
"807874","1871","154","60"
"607056","7789","59","23"
"587902","10394","33","34"
"963412","17759","64","37"
"552198","4714","149","28"
"916902","3209","58","96"
"778112","14118","30","27"
"26845","11847","57","57"
"460056","11339","43","26"
"641732","1156","13","28"
"417914","1534","33","18"
"707682","1102","12","21"
"913966","783","20","13"
"684794","627","126","31"
"326326","891","101","119"
"436496","7484","304","5"
"525114","876","59","28"
"709460","1235","25","7"
"413618","1143","34","13"
"821788","450","61","41"
"392836","1442","9","25"
"1115126","426","4","9"
"348920","2814","14","39"
"1114060","4645","171","19"
"778084","13130","346","88"
"1176686","3933","23","14"
"744618","2197","9","12"
"473622","1318","78","51"
"470412","1553","35","43"
"758208","2007","10","113"
"505780","1540","19","39"
"568524","1655","10","44"
"890810","12201","217","24"
"332252","1284","46","30"
"431576","869","125","78"
"1115128","396","6","8"
"716310","7142","41","25"
"467186","1414","14","22"
"212376","9833","241","15"
"496006","604","47","35"
"756050","685","37","14"
"592594","549","49","18"
"520308","1220","16","16"
"494510","1588","8","15"
"212624","8371","212","18"
"1259422","2570","17","87"
"326244","6117","188","28"
"573716","5368","78","20"
"1172166","2225","14","64"
"1021834","2086","56","22"
"1210098","1732","15","48"
"288466","6751","44","353"
"581256","5228","180","27"
"1189508","1477","17","27"
"863976","1626","81","18"
"681514","4529","54","29"
"864482","3254","92","16"
"339086","2267","17","29"
"639654","17463","283","30"
"60792","23669","521","9"
"1054814","5301","174","6"
"948204","1033","16","42"
"1191946","6909","401","14"
"82412","4040","72","20"
"986742","546","69","21"
"18448","2459","107","101"
"552258","1284","173","301"
"1020722","1122","5","7"
"752706","13016","286","15"
"633606","1098","15","54"
"461176","481","75","77"
"1030774","376","19","49"
"221920","898","132","40"
"372442","1393","40","9"
"851560","434","69","23"
"755932","394","78","22"
"1031620","263","14","7"
"416738","1061","8","17"
"576108","1312","19","11"
"971022","764","7","8"
"966794","289","30","30"
"1200874","4001","8","37"
"780056","5097","196","37"
"1274210","3193","10","23"
"615106","11011","13","36"
"1023196","3492","61","12"
"1249968","3559","24","18"
"565000","2784","221","79"
"760752","5495","52","18"
"419318","2912","309","85"
"482834","9687","59","59"
"1090194","3444","35","16"
"561136","12629","88","36"
"41356","1659","73","38"
"946310","1305","25","8"
"661780","651","52","20"
"563020","1926","9","458"
"772224","396","130","21"
"967410","1062","12","11"
"1007766","578","6","8"
"837950","4735","81","69"
"737468","4306","163","12"
"394832","10917","319","25"
"384318","1701","125","88"
"294408","11080","165","7"
"564268","636","33","54"
"368786","1478","18","83"
"1036170","362","19","8"
"311538","8337","300","129"
"825752","702","21","30"
"56513","2698","29","57"
"921560","177","19","10"
"366608","714","48","28"
"527834","1062","20","32"
"287010","1552","14","44"
"1019918","102","27","36"
"442580","613","135","116"
"388286","2152","19","15"
"368679","1063","101","40"
"909836","3142","117","20"
"328960","1566","29","36"
"407796","2306","3","24"
"637840","633","104","31"
"954948","2859","42","17"
"806536","299","75","34"
"947204","1002","7","10"
"468726","631","103","65"
"697798","1386","17","28"
"30261","2355","143","215"
"730542","6742","1036","6"
"524248","1853","34","39"
"1037666","252","46","79"
"726290","1302","18","22"
"602702","1658","72","68"
"309820","15092","1234","65"
"1163894","165","13","28"
"320798","4333","16","17"
"611688","976","93","46"
"495958","1276","245","271"
"652376","1476","27","8"
"846210","5351","235","13"
"313484","2402","26","23"
"883706","6402","104","23"
"1039596","223","26","27"
"826366","654","86","239"
"488220","1262","36","40"
"1012040","253","34","45"
"669346","1780","15","6"
"123566","1266","90","50"
"628876","2389","7","20"
"378924","1468","54","18"
"869448","838","13","23"
"1207382","2649","16","7"
"628430","6000","21","25"
"882128","1839","91","47"
"149042","10689","394","17"
"513958","7449","91","32"
"769390","4157","206","80"
"830834","3388","67","39"
"1203040","1343","11","22"
"564366","3399","85","15"
"1124280","2510","21","23"
"1135712","1537","8","29"
"823996","6134","93","15"
"260756","9355","390","177"
"533416","1024","14","26"
"672090","325","37","27"
"873844","166","21","37"
"628356","203","33","15"
"362360","1134","9","24"
"961508","216","28","16"
"1250934","25","4","66"
"58653","1096","33","10"
"152244","770","65","84"
"591116","424","45","60"
"969170","755","0","7"
"572270","652","48","46"
"653754","4797","97","11"
"1034636","2783","9","21"
"169144","8462","50","21"
"507992","5129","183","35"
"554570","5272","111","24"
"284076","2784","425","29"
"1031626","3086","17","73"
"399640","6008","203","35"
"50522","16486","86","34"
"800148","2076","125","56"
"976854","1353","53","320"
"529028","3770","108","72"
"563880","722","53","18"
"288258","1404","7","17"
"137650","1688","16","29"
"858762","214","34","24"
"113888","788","21","25"
"25615","1128","77","36"
"352748","608","88","48"
"656522","359","45","73"
"253246","1532","19","23"
"690966","791","29","24"
"655298","395","26","36"
"910624","322","9","9"
"735796","151","40","30"
"873824","208","48","29"
"642940","385","39","32"
"422012","666","89","115"
"897314","237","22","52"
"1008246","240","45","358"
"576722","5014","196","32"
"811452","3033","91","9"
"990284","458","2","12"
"212394","1779","48","16"
"845794","334","41","54"
"1009236","222","9","60"
"835346","422","86","69"
"973932","227","16","20"
"1227578","50","5","60"
"954710","194","26","87"
"525818","458","28","40"
"1170920","61","9","44"
"826568","314","43","49"
"665686","586","10","17"
"969348","770","0","8"
"599628","735","16","30"
"403106","1299","15","23"
"145812","791","8","16"
"1115132","426","4","10"
"935014","796","3","18"
"616818","1316","22","45"
"264790","8415","56","13"
"943386","1085","8","13"
"576054","817","164","131"
"392526","1275","11","18"
"258886","1526","72","86"
"155640","10110","379","12"
"261148","1832","6","12"
"939536","945","17","11"
"368908","1272","31","29"
"709324","442","48","80"
"366720","6315","53","16"
"554136","1322","14","27"
"455680","557","39","28"
"667744","540","13","15"
"975916","327","26","106"
"1159822","358","0","23"
"1018530","803","2","7"
"516790","1557","13","74"
"1079078","1942","23","48"
"919354","279","37","119"
"1248172","34","2","21"
"949134","1420","62","152"
"833182","1812","112","7"
"654832","2472","41","8"
"895096","1525","43","65"
"459922","2650","61","304"
"577796","2753","10","18"
"747650","2985","40","27"
"761770","2360","12","49"
"723878","948","193","48"
"1036028","392","81","63"
"1115064","944","1","10"
"21386","73110","1716","22"
"968292","878","6","8"
"523216","1454","14","12"
"270976","7318","205","8"
"679992","555","89","16"
"330900","496","113","17"
"667122","436","36","22"
"865438","382","28","140"
"775618","1040","14","21"
"1088178","306","3","42"
"635248","513","169","48"
"905096","300","31","38"
"297602","901","36","20"
